match_no,stage,team1,team2,toss,result,score1,score2,match_url,runs1,wickets1,runs2,wickets2
1.0,Group,Canada,United States of America,"United States of America, elected to field first",U.S.A. won by 7 wickets (with 14 balls remaining),194/5,197/3,https://www.espncricinfo.com/series/icc-men-s-t20-world-cup-2024-1411166/united-states-of-america-vs-canada-1st-match-group-a-1415701/full-scorecard,194.0,5.0,197.0,3.0
2.0,Group,Papua New Guinea,West Indies,"West Indies, elected to field first",West Indies won by 5 wickets (with 6 balls remaining),136/8,137/5,https://www.espncricinfo.com/series/icc-men-s-t20-world-cup-2024-1411166/west-indies-vs-papua-new-guinea-2nd-match-group-c-1415702/full-scorecard,136.0,8.0,137.0,5.0
3.0,Group,Oman,Namibia,"Namibia, elected to field first",Match tied (Namibia won the Super Over),109,109/6,https://www.espncricinfo.com/series/icc-men-s-t20-world-cup-2024-1411166/namibia-vs-oman-3rd-match-group-b-1415703/full-scorecard,109.0,10.0,109.0,6.0
4.0,Group,Sri Lanka,South Africa,"Sri Lanka, elected to bat first",South Africa won by 6 wickets (with 22 balls remaining),77,80/4,https://www.espncricinfo.com/series/icc-men-s-t20-world-cup-2024-1411166/south-africa-vs-sri-lanka-4th-match-group-d-1415704/full-scorecard,77.0,10.0,80.0,4.0
5.0,Group,Afghanistan,Uganda,"Uganda, elected to field first",Afghanistan won by 125 runs,183/5,58,https://www.espncricinfo.com/series/icc-men-s-t20-world-cup-2024-1411166/afghanistan-vs-uganda-5th-match-group-c-1415705/full-scorecard,183.0,5.0,58.0,10.0
6.0,Group,Scotland,England,"Scotland, elected to bat first",No result,90/0,,https://www.espncricinfo.com/series/icc-men-s-t20-world-cup-2024-1411166/england-vs-scotland-6th-match-group-b-1415706/full-scorecard,90.0,0.0,,
7.0,Group,Nepal,Netherlands,"Netherlands, elected to field first",Netherlands won by 6 wickets (with 8 balls remaining),106,109/4,https://www.espncricinfo.com/series/icc-men-s-t20-world-cup-2024-1411166/nepal-vs-netherlands-7th-match-group-d-1415707/full-scorecard,106.0,10.0,109.0,4.0
8.0,Group,Ireland,India,"India, elected to field first",India won by 8 wickets (with 46 balls remaining),96,97/2,https://www.espncricinfo.com/series/icc-men-s-t20-world-cup-2024-1411166/india-vs-ireland-8th-match-group-a-1415708/full-scorecard,96.0,10.0,97.0,2.0
9.0,Group,Papua New Guinea,Uganda,"Uganda, elected to field first",Uganda won by 3 wickets (with 10 balls remaining),77,78/7,https://www.espncricinfo.com/series/icc-men-s-t20-world-cup-2024-1411166/papua-new-guinea-vs-uganda-9th-match-group-c-1415709/full-scorecard,77.0,10.0,78.0,7.0
10.0,Group,Australia,Oman,"Oman, elected to field first",Australia won by 39 runs,164/5,125/9,https://www.espncricinfo.com/series/icc-men-s-t20-world-cup-2024-1411166/australia-vs-oman-10th-match-group-b-1415710/full-scorecard,164.0,5.0,125.0,9.0
11.0,Group,Pakistan,United States of America,"United States of America, elected to field first",Match tied (U.S.A. won the Super Over),159/7,159/3,https://www.espncricinfo.com/series/icc-men-s-t20-world-cup-2024-1411166/united-states-of-america-vs-pakistan-11th-match-group-a-1415711/full-scorecard,159.0,7.0,159.0,3.0
12.0,Group,Namibia,Scotland,"Namibia, elected to bat first",Scotland won by 5 wickets (with 9 balls remaining),155/9,157/5,https://www.espncricinfo.com/series/icc-men-s-t20-world-cup-2024-1411166/namibia-vs-scotland-12th-match-group-b-1415712/full-scorecard,155.0,9.0,157.0,5.0
13.0,Group,Canada,Ireland,"Ireland, elected to field first",Canada won by 12 runs,137/7,125/7,https://www.espncricinfo.com/series/icc-men-s-t20-world-cup-2024-1411166/canada-vs-ireland-13th-match-group-a-1415713/full-scorecard,137.0,7.0,125.0,7.0
14.0,Group,Afghanistan,New Zealand,"New Zealand, elected to field first",Afghanistan won by 84 runs,159/6,75,https://www.espncricinfo.com/series/icc-men-s-t20-world-cup-2024-1411166/afghanistan-vs-new-zealand-14th-match-group-c-1415714/full-scorecard,159.0,6.0,75.0,10.0
15.0,Group,Sri Lanka,Bangladesh,"Bangladesh, elected to field first",Bangladesh won by 2 wickets (with 6 balls remaining),124/9,125/8,https://www.espncricinfo.com/series/icc-men-s-t20-world-cup-2024-1411166/bangladesh-vs-sri-lanka-15th-match-group-d-1415715/full-scorecard,124.0,9.0,125.0,8.0
16.0,Group,Netherlands,South Africa,"South Africa, elected to field first",South Africa won by 4 wickets (with 7 balls remaining),103/9,106/6,https://www.espncricinfo.com/series/icc-men-s-t20-world-cup-2024-1411166/netherlands-vs-south-africa-16th-match-group-d-1415716/full-scorecard,103.0,9.0,106.0,6.0
17.0,Group,Australia,England,"England, elected to field first",Australia won by 36 runs,201/7,165/6,https://www.espncricinfo.com/series/icc-men-s-t20-world-cup-2024-1411166/australia-vs-england-17th-match-group-b-1415717/full-scorecard,201.0,7.0,165.0,6.0
18.0,Group,West Indies,Uganda,"West Indies, elected to bat first",West Indies won by 134 runs,173/5,39,https://www.espncricinfo.com/series/icc-men-s-t20-world-cup-2024-1411166/west-indies-vs-uganda-18th-match-group-c-1415718/full-scorecard,173.0,5.0,39.0,10.0
19.0,Group,India,Pakistan,"Pakistan, elected to field first",India won by 6 runs,119,113/7,https://www.espncricinfo.com/series/icc-men-s-t20-world-cup-2024-1411166/india-vs-pakistan-19th-match-group-a-1415719/full-scorecard,119.0,10.0,113.0,7.0
20.0,Group,Oman,Scotland,"Oman, elected to bat first",Scotland won by 7 wickets (with 41 balls remaining),150/7,153/3,https://www.espncricinfo.com/series/icc-men-s-t20-world-cup-2024-1411166/oman-vs-scotland-20th-match-group-b-1415720/full-scorecard,150.0,7.0,153.0,3.0
21.0,Group,South Africa,Bangladesh,"South Africa, elected to bat first",South Africa won by 4 runs,113/6,109/7,https://www.espncricinfo.com/series/icc-men-s-t20-world-cup-2024-1411166/bangladesh-vs-south-africa-21st-match-group-d-1415721/full-scorecard,113.0,6.0,109.0,7.0
22.0,Group,Canada,Pakistan,"Pakistan, elected to field first",Pakistan won by 7 wickets (with 15 balls remaining),106/7,107/3,https://www.espncricinfo.com/series/icc-men-s-t20-world-cup-2024-1411166/canada-vs-pakistan-22nd-match-group-a-1415722/full-scorecard,106.0,7.0,107.0,3.0
23.0,Group,Nepal,Sri Lanka,,Match abandoned without a ball bowled,,,https://www.espncricinfo.com/series/icc-men-s-t20-world-cup-2024-1411166/nepal-vs-sri-lanka-23rd-match-group-d-1415723/full-scorecard,,,,
24.0,Group,Namibia,Australia,"Australia, elected to field first",Australia won by 9 wickets (with 86 balls remaining),72,74/1,https://www.espncricinfo.com/series/icc-men-s-t20-world-cup-2024-1411166/australia-vs-namibia-24th-match-group-b-1415724/full-scorecard,72.0,10.0,74.0,1.0
25.0,Group,United States of America,India,"India, elected to field first",India won by 7 wickets (with 10 balls remaining),110/8,111/3,https://www.espncricinfo.com/series/icc-men-s-t20-world-cup-2024-1411166/united-states-of-america-vs-india-25th-match-group-a-1415725/full-scorecard,110.0,8.0,111.0,3.0
26.0,Group,West Indies,New Zealand,"New Zealand, elected to field first",West Indies won by 13 runs,149/9,136/9,https://www.espncricinfo.com/series/icc-men-s-t20-world-cup-2024-1411166/west-indies-vs-new-zealand-26th-match-group-c-1415726/full-scorecard,149.0,9.0,136.0,9.0
27.0,Group,Bangladesh,Netherlands,"Netherlands, elected to field first",Bangladesh won by 25 runs,159/5,134/8,https://www.espncricinfo.com/series/icc-men-s-t20-world-cup-2024-1411166/bangladesh-vs-netherlands-27th-match-group-d-1415727/full-scorecard,159.0,5.0,134.0,8.0
28.0,Group,Oman,England,"England, elected to field first",England won by 8 wickets (with 101 balls remaining),47,50/2,https://www.espncricinfo.com/series/icc-men-s-t20-world-cup-2024-1411166/england-vs-oman-28th-match-group-b-1415728/full-scorecard,47.0,10.0,50.0,2.0
29.0,Group,Papua New Guinea,Afghanistan,"Afghanistan, elected to field first",Afghanistan won by 7 wickets (with 29 balls remaining),95,101/3,https://www.espncricinfo.com/series/icc-men-s-t20-world-cup-2024-1411166/afghanistan-vs-papua-new-guinea-29th-match-group-c-1415729/full-scorecard,95.0,10.0,101.0,3.0
30.0,Group,United States of America,Ireland,,Match abandoned without a ball bowled,,,https://www.espncricinfo.com/series/icc-men-s-t20-world-cup-2024-1411166/united-states-of-america-vs-ireland-30th-match-group-a-1415730/full-scorecard,,,,
31.0,Group,South Africa,Nepal,"Nepal, elected to field first",South Africa won by 1 run,115/7,114/7,https://www.espncricinfo.com/series/icc-men-s-t20-world-cup-2024-1411166/nepal-vs-south-africa-31st-match-group-d-1415731/full-scorecard,115.0,7.0,114.0,7.0
32.0,Group,Uganda,New Zealand,"New Zealand, elected to field first",New Zealand won by 9 wickets (with 88 balls remaining),40,41/1,https://www.espncricinfo.com/series/icc-men-s-t20-world-cup-2024-1411166/new-zealand-vs-uganda-32nd-match-group-c-1415732/full-scorecard,40.0,10.0,41.0,1.0
33.0,Group,Canada,India,,Match abandoned without a ball bowled,,,https://www.espncricinfo.com/series/icc-men-s-t20-world-cup-2024-1411166/canada-vs-india-33rd-match-group-a-1415733/full-scorecard,,,,
34.0,Group,England,Namibia,"Namibia, elected to field first",England won by 41 runs (DLS method),122/5,84/3,https://www.espncricinfo.com/series/icc-men-s-t20-world-cup-2024-1411166/england-vs-namibia-34th-match-group-b-1415734/full-scorecard,122.0,5.0,84.0,3.0
35.0,Group,Scotland,Australia,"Australia, elected to field first",Australia won by 5 wickets (with 2 balls remaining),180/5,186/5,https://www.espncricinfo.com/series/icc-men-s-t20-world-cup-2024-1411166/australia-vs-scotland-35th-match-group-b-1415735/full-scorecard,180.0,5.0,186.0,5.0
36.0,Group,Ireland,Pakistan,"Pakistan, elected to field first",Pakistan won by 3 wickets (with 7 balls remaining),106/9,111/7,https://www.espncricinfo.com/series/icc-men-s-t20-world-cup-2024-1411166/ireland-vs-pakistan-36th-match-group-a-1415736/full-scorecard,106.0,9.0,111.0,7.0
37.0,Group,Bangladesh,Nepal,"Nepal, elected to field first",Bangladesh won by 21 runs,106,85,https://www.espncricinfo.com/series/icc-men-s-t20-world-cup-2024-1411166/bangladesh-vs-nepal-37th-match-group-d-1415737/full-scorecard,106.0,10.0,85.0,10.0
38.0,Group,Sri Lanka,Netherlands,"Netherlands, elected to field first",Sri Lanka won by 83 runs,201/6,118,https://www.espncricinfo.com/series/icc-men-s-t20-world-cup-2024-1411166/netherlands-vs-sri-lanka-38th-match-group-d-1415738/full-scorecard,201.0,6.0,118.0,10.0
39.0,Group,Papua New Guinea,New Zealand,"New Zealand, elected to field first",New Zealand won by 7 wickets (with 46 balls remaining),78,79/3,https://www.espncricinfo.com/series/icc-men-s-t20-world-cup-2024-1411166/new-zealand-vs-papua-new-guinea-39th-match-group-c-1415739/full-scorecard,78.0,10.0,79.0,3.0
40.0,Group,West Indies,Afghanistan,"Afghanistan, elected to field first",West Indies won by 104 runs,218/5,114,https://www.espncricinfo.com/series/icc-men-s-t20-world-cup-2024-1411166/west-indies-vs-afghanistan-40th-match-group-c-1415740/full-scorecard,218.0,5.0,114.0,10.0
41.0,Super 8,South Africa,United States of America,"United States of America, elected to field first",South Africa won by 18 runs,194/4,176/6,https://www.espncricinfo.com/series/icc-men-s-t20-world-cup-2024-1411166/south-africa-vs-united-states-of-america-41st-match-super-eights-group-2-1415741/full-scorecard,194.0,4.0,176.0,6.0
42.0,Super 8,West Indies,England,"England, elected to field first",England won by 8 wickets (with 15 balls remaining),180/4,181/2,https://www.espncricinfo.com/series/icc-men-s-t20-world-cup-2024-1411166/west-indies-vs-england-42nd-match-super-eights-group-2-1415742/full-scorecard,180.0,4.0,181.0,2.0
43.0,Super 8,India,Afghanistan,"India, elected to bat first",India won by 47 runs,181/8,134,https://www.espncricinfo.com/series/icc-men-s-t20-world-cup-2024-1411166/afghanistan-vs-india-43rd-match-super-eights-group-1-1415743/full-scorecard,181.0,8.0,134.0,10.0
44.0,Super 8,Bangladesh,Australia,"Australia, elected to field first",Australia won by 28 runs (DLS method),140/8,100/2,https://www.espncricinfo.com/series/icc-men-s-t20-world-cup-2024-1411166/australia-vs-bangladesh-44th-match-super-eights-group-1-1415744/full-scorecard,140.0,8.0,100.0,2.0
45.0,Super 8,South Africa,England,"England, elected to field first",South Africa won by 7 runs,163/6,156/6,https://www.espncricinfo.com/series/icc-men-s-t20-world-cup-2024-1411166/england-vs-south-africa-45th-match-super-eights-group-2-1415745/full-scorecard,163.0,6.0,156.0,6.0
46.0,Super 8,United States of America,West Indies,"West Indies, elected to field first",West Indies won by 9 wickets (with 55 balls remaining),128,130/1,https://www.espncricinfo.com/series/icc-men-s-t20-world-cup-2024-1411166/west-indies-vs-united-states-of-america-46th-match-super-eights-group-2-1415746/full-scorecard,128.0,10.0,130.0,1.0
47.0,Super 8,India,Bangladesh,"Bangladesh, elected to field first",India won by 50 runs,196/5,146/8,https://www.espncricinfo.com/series/icc-men-s-t20-world-cup-2024-1411166/bangladesh-vs-india-47th-match-super-eights-group-1-1415747/full-scorecard,196.0,5.0,146.0,8.0
48.0,Super 8,Afghanistan,Australia,"Australia, elected to field first",Afghanistan won by 21 runs,148/6,127,https://www.espncricinfo.com/series/icc-men-s-t20-world-cup-2024-1411166/afghanistan-vs-australia-48th-match-super-eights-group-1-1415748/full-scorecard,148.0,6.0,127.0,10.0
49.0,Super 8,United States of America,England,"England, elected to field first",England won by 10 wickets (with 62 balls remaining),115,117/0,https://www.espncricinfo.com/series/icc-men-s-t20-world-cup-2024-1411166/england-vs-united-states-of-america-49th-match-super-eights-group-2-1415749/full-scorecard,115.0,10.0,117.0,0.0
50.0,Super 8,West Indies,South Africa,"South Africa, elected to field first",South Africa won by 3 wickets (with 5 balls remaining) (DLS method),135/8,124/7,https://www.espncricinfo.com/series/icc-men-s-t20-world-cup-2024-1411166/west-indies-vs-south-africa-50th-match-super-eights-group-2-1415750/full-scorecard,135.0,8.0,124.0,7.0
51.0,Super 8,India,Australia,"Australia, elected to field first",India won by 24 runs,205/5,181/7,https://www.espncricinfo.com/series/icc-men-s-t20-world-cup-2024-1411166/australia-vs-india-51st-match-super-eights-group-1-1415751/full-scorecard,205.0,5.0,181.0,7.0
52.0,Super 8,Afghanistan,Bangladesh,"Afghanistan, elected to bat first",Afghanistan won by 8 runs (DLS method),115/5,105,https://www.espncricinfo.com/series/icc-men-s-t20-world-cup-2024-1411166/afghanistan-vs-bangladesh-52nd-match-super-eights-group-1-1415752/full-scorecard,115.0,5.0,105.0,10.0
,Semi-final,Afghanistan,South Africa,"Afghanistan, elected to bat first",South Africa won by 9 wickets (with 67 balls remaining),56,60/1,https://www.espncricinfo.com/series/icc-men-s-t20-world-cup-2024-1411166/afghanistan-vs-south-africa-1st-semi-final-1415753/full-scorecard,56.0,10.0,60.0,1.0
,Semi-final,India,England,"England, elected to field first",India won by 68 runs,171/7,103,https://www.espncricinfo.com/series/icc-men-s-t20-world-cup-2024-1411166/england-vs-india-2nd-semi-final-1415754/full-scorecard,171.0,7.0,103.0,10.0
,Final,India,South Africa,"India, elected to bat first",India won by 7 runs,176/7,169/8,https://www.espncricinfo.com/series/icc-men-s-t20-world-cup-2024-1411166/india-vs-south-africa-final-1415755/full-scorecard,176.0,7.0,169.0,8.0
