match_no,stage,team1,team2,toss,result,score1,score2,match_url,runs1,wickets1,runs2,wickets2,winner_team,win_type,win_margin
55,Final,India,South Africa,"India, elected to bat first",India won by 7 runs,176/7,169/8,https://www.espncricinfo.com/series/icc-men-s-t20-world-cup-2024-1411166/india-vs-south-africa-final-1415755/full-scorecard,176,7,169,8,India,runs,7
54,Semi-final,India,England,"England, elected to field first",India won by 68 runs,171/7,103,https://www.espncricinfo.com/series/icc-men-s-t20-world-cup-2024-1411166/england-vs-india-2nd-semi-final-1415754/full-scorecard,171,7,103,10,India,runs,68
53,Semi-final,Afghanistan,South Africa,"Afghanistan, elected to bat first",South Africa won by 9 wickets (with 67 balls remaining),56,60/1,https://www.espncricinfo.com/series/icc-men-s-t20-world-cup-2024-1411166/afghanistan-vs-south-africa-1st-semi-final-1415753/full-scorecard,56,10,60,1,South Africa,wickets,9
52,Super 8,Afghanistan,Bangladesh,"Afghanistan, elected to bat first",Afghanistan won by 8 runs (DLS method),115/5,105,https://www.espncricinfo.com/series/icc-men-s-t20-world-cup-2024-1411166/afghanistan-vs-bangladesh-52nd-match-super-eights-group-1-1415752/full-scorecard,115,5,105,10,Afghanistan,runs,10
51,Super 8,India,Australia,"Australia, elected to field first",India won by 24 runs,205/5,181/7,https://www.espncricinfo.com/series/icc-men-s-t20-world-cup-2024-1411166/australia-vs-india-51st-match-super-eights-group-1-1415751/full-scorecard,205,5,181,7,India,runs,24
50,Super 8,West Indies,South Africa,"South Africa, elected to field first",South Africa won by 3 wickets (with 5 balls remaining) (DLS method),135/8,124/7,https://www.espncricinfo.com/series/icc-men-s-t20-world-cup-2024-1411166/west-indies-vs-south-africa-50th-match-super-eights-group-2-1415750/full-scorecard,135,8,124,7,South Africa,wickets,3
49,Super 8,United States of America,England,"England, elected to field first",England won by 10 wickets (with 62 balls remaining),115,117/0,https://www.espncricinfo.com/series/icc-men-s-t20-world-cup-2024-1411166/england-vs-united-states-of-america-49th-match-super-eights-group-2-1415749/full-scorecard,115,10,117,0,England,wickets,10
48,Super 8,Afghanistan,Australia,"Australia, elected to field first",Afghanistan won by 21 runs,148/6,127,https://www.espncricinfo.com/series/icc-men-s-t20-world-cup-2024-1411166/afghanistan-vs-australia-48th-match-super-eights-group-1-1415748/full-scorecard,148,6,127,10,Afghanistan,runs,21
47,Super 8,India,Bangladesh,"Bangladesh, elected to field first",India won by 50 runs,196/5,146/8,https://www.espncricinfo.com/series/icc-men-s-t20-world-cup-2024-1411166/bangladesh-vs-india-47th-match-super-eights-group-1-1415747/full-scorecard,196,5,146,8,India,runs,50
46,Super 8,United States of America,West Indies,"West Indies, elected to field first",West Indies won by 9 wickets (with 55 balls remaining),128,130/1,https://www.espncricinfo.com/series/icc-men-s-t20-world-cup-2024-1411166/west-indies-vs-united-states-of-america-46th-match-super-eights-group-2-1415746/full-scorecard,128,10,130,1,West Indies,wickets,9
45,Super 8,South Africa,England,"England, elected to field first",South Africa won by 7 runs,163/6,156/6,https://www.espncricinfo.com/series/icc-men-s-t20-world-cup-2024-1411166/england-vs-south-africa-45th-match-super-eights-group-2-1415745/full-scorecard,163,6,156,6,South Africa,runs,7
44,Super 8,Bangladesh,Australia,"Australia, elected to field first",Australia won by 28 runs (DLS method),140/8,100/2,https://www.espncricinfo.com/series/icc-men-s-t20-world-cup-2024-1411166/australia-vs-bangladesh-44th-match-super-eights-group-1-1415744/full-scorecard,140,8,100,2,Australia,runs,40
43,Super 8,India,Afghanistan,"India, elected to bat first",India won by 47 runs,181/8,134,https://www.espncricinfo.com/series/icc-men-s-t20-world-cup-2024-1411166/afghanistan-vs-india-43rd-match-super-eights-group-1-1415743/full-scorecard,181,8,134,10,India,runs,47
42,Super 8,West Indies,England,"England, elected to field first",England won by 8 wickets (with 15 balls remaining),180/4,181/2,https://www.espncricinfo.com/series/icc-men-s-t20-world-cup-2024-1411166/west-indies-vs-england-42nd-match-super-eights-group-2-1415742/full-scorecard,180,4,181,2,England,wickets,8
41,Super 8,South Africa,United States of America,"United States of America, elected to field first",South Africa won by 18 runs,194/4,176/6,https://www.espncricinfo.com/series/icc-men-s-t20-world-cup-2024-1411166/south-africa-vs-united-states-of-america-41st-match-super-eights-group-2-1415741/full-scorecard,194,4,176,6,South Africa,runs,18
40,Group,West Indies,Afghanistan,"Afghanistan, elected to field first",West Indies won by 104 runs,218/5,114,https://www.espncricinfo.com/series/icc-men-s-t20-world-cup-2024-1411166/west-indies-vs-afghanistan-40th-match-group-c-1415740/full-scorecard,218,5,114,10,West Indies,runs,104
39,Group,Papua New Guinea,New Zealand,"New Zealand, elected to field first",New Zealand won by 7 wickets (with 46 balls remaining),78,79/3,https://www.espncricinfo.com/series/icc-men-s-t20-world-cup-2024-1411166/new-zealand-vs-papua-new-guinea-39th-match-group-c-1415739/full-scorecard,78,10,79,3,New Zealand,wickets,7
38,Group,Sri Lanka,Netherlands,"Netherlands, elected to field first",Sri Lanka won by 83 runs,201/6,118,https://www.espncricinfo.com/series/icc-men-s-t20-world-cup-2024-1411166/netherlands-vs-sri-lanka-38th-match-group-d-1415738/full-scorecard,201,6,118,10,Sri Lanka,runs,83
37,Group,Bangladesh,Nepal,"Nepal, elected to field first",Bangladesh won by 21 runs,106,85,https://www.espncricinfo.com/series/icc-men-s-t20-world-cup-2024-1411166/bangladesh-vs-nepal-37th-match-group-d-1415737/full-scorecard,106,10,85,10,Bangladesh,runs,21
36,Group,Ireland,Pakistan,"Pakistan, elected to field first",Pakistan won by 3 wickets (with 7 balls remaining),106/9,111/7,https://www.espncricinfo.com/series/icc-men-s-t20-world-cup-2024-1411166/ireland-vs-pakistan-36th-match-group-a-1415736/full-scorecard,106,9,111,7,Pakistan,wickets,3
35,Group,Scotland,Australia,"Australia, elected to field first",Australia won by 5 wickets (with 2 balls remaining),180/5,186/5,https://www.espncricinfo.com/series/icc-men-s-t20-world-cup-2024-1411166/australia-vs-scotland-35th-match-group-b-1415735/full-scorecard,180,5,186,5,Australia,wickets,5
34,Group,England,Namibia,"Namibia, elected to field first",England won by 41 runs (DLS method),122/5,84/3,https://www.espncricinfo.com/series/icc-men-s-t20-world-cup-2024-1411166/england-vs-namibia-34th-match-group-b-1415734/full-scorecard,122,5,84,3,England,runs,38
33,Group,Canada,India,,Match abandoned without a ball bowled,,,https://www.espncricinfo.com/series/icc-men-s-t20-world-cup-2024-1411166/canada-vs-india-33rd-match-group-a-1415733/full-scorecard,,,,,,NR,
32,Group,Uganda,New Zealand,"New Zealand, elected to field first",New Zealand won by 9 wickets (with 88 balls remaining),40,41/1,https://www.espncricinfo.com/series/icc-men-s-t20-world-cup-2024-1411166/new-zealand-vs-uganda-32nd-match-group-c-1415732/full-scorecard,40,10,41,1,New Zealand,wickets,9
31,Group,South Africa,Nepal,"Nepal, elected to field first",South Africa won by 1 run,115/7,114/7,https://www.espncricinfo.com/series/icc-men-s-t20-world-cup-2024-1411166/nepal-vs-south-africa-31st-match-group-d-1415731/full-scorecard,115,7,114,7,South Africa,,
30,Group,United States of America,Ireland,,Match abandoned without a ball bowled,,,https://www.espncricinfo.com/series/icc-men-s-t20-world-cup-2024-1411166/united-states-of-america-vs-ireland-30th-match-group-a-1415730/full-scorecard,,,,,,NR,
29,Group,Papua New Guinea,Afghanistan,"Afghanistan, elected to field first",Afghanistan won by 7 wickets (with 29 balls remaining),95,101/3,https://www.espncricinfo.com/series/icc-men-s-t20-world-cup-2024-1411166/afghanistan-vs-papua-new-guinea-29th-match-group-c-1415729/full-scorecard,95,10,101,3,Afghanistan,wickets,7
28,Group,Oman,England,"England, elected to field first",England won by 8 wickets (with 101 balls remaining),47,50/2,https://www.espncricinfo.com/series/icc-men-s-t20-world-cup-2024-1411166/england-vs-oman-28th-match-group-b-1415728/full-scorecard,47,10,50,2,England,wickets,8
27,Group,Bangladesh,Netherlands,"Netherlands, elected to field first",Bangladesh won by 25 runs,159/5,134/8,https://www.espncricinfo.com/series/icc-men-s-t20-world-cup-2024-1411166/bangladesh-vs-netherlands-27th-match-group-d-1415727/full-scorecard,159,5,134,8,Bangladesh,runs,25
26,Group,West Indies,New Zealand,"New Zealand, elected to field first",West Indies won by 13 runs,149/9,136/9,https://www.espncricinfo.com/series/icc-men-s-t20-world-cup-2024-1411166/west-indies-vs-new-zealand-26th-match-group-c-1415726/full-scorecard,149,9,136,9,West Indies,runs,13
25,Group,United States of America,India,"India, elected to field first",India won by 7 wickets (with 10 balls remaining),110/8,111/3,https://www.espncricinfo.com/series/icc-men-s-t20-world-cup-2024-1411166/united-states-of-america-vs-india-25th-match-group-a-1415725/full-scorecard,110,8,111,3,India,wickets,7
24,Group,Namibia,Australia,"Australia, elected to field first",Australia won by 9 wickets (with 86 balls remaining),72,74/1,https://www.espncricinfo.com/series/icc-men-s-t20-world-cup-2024-1411166/australia-vs-namibia-24th-match-group-b-1415724/full-scorecard,72,10,74,1,Australia,wickets,9
23,Group,Nepal,Sri Lanka,,Match abandoned without a ball bowled,,,https://www.espncricinfo.com/series/icc-men-s-t20-world-cup-2024-1411166/nepal-vs-sri-lanka-23rd-match-group-d-1415723/full-scorecard,,,,,,NR,
22,Group,Canada,Pakistan,"Pakistan, elected to field first",Pakistan won by 7 wickets (with 15 balls remaining),106/7,107/3,https://www.espncricinfo.com/series/icc-men-s-t20-world-cup-2024-1411166/canada-vs-pakistan-22nd-match-group-a-1415722/full-scorecard,106,7,107,3,Pakistan,wickets,7
21,Group,South Africa,Bangladesh,"South Africa, elected to bat first",South Africa won by 4 runs,113/6,109/7,https://www.espncricinfo.com/series/icc-men-s-t20-world-cup-2024-1411166/bangladesh-vs-south-africa-21st-match-group-d-1415721/full-scorecard,113,6,109,7,South Africa,runs,4
20,Group,Oman,Scotland,"Oman, elected to bat first",Scotland won by 7 wickets (with 41 balls remaining),150/7,153/3,https://www.espncricinfo.com/series/icc-men-s-t20-world-cup-2024-1411166/oman-vs-scotland-20th-match-group-b-1415720/full-scorecard,150,7,153,3,Scotland,wickets,7
19,Group,India,Pakistan,"Pakistan, elected to field first",India won by 6 runs,119,113/7,https://www.espncricinfo.com/series/icc-men-s-t20-world-cup-2024-1411166/india-vs-pakistan-19th-match-group-a-1415719/full-scorecard,119,10,113,7,India,runs,6
18,Group,West Indies,Uganda,"West Indies, elected to bat first",West Indies won by 134 runs,173/5,39,https://www.espncricinfo.com/series/icc-men-s-t20-world-cup-2024-1411166/west-indies-vs-uganda-18th-match-group-c-1415718/full-scorecard,173,5,39,10,West Indies,runs,134
17,Group,Australia,England,"England, elected to field first",Australia won by 36 runs,201/7,165/6,https://www.espncricinfo.com/series/icc-men-s-t20-world-cup-2024-1411166/australia-vs-england-17th-match-group-b-1415717/full-scorecard,201,7,165,6,Australia,runs,36
16,Group,Netherlands,South Africa,"South Africa, elected to field first",South Africa won by 4 wickets (with 7 balls remaining),103/9,106/6,https://www.espncricinfo.com/series/icc-men-s-t20-world-cup-2024-1411166/netherlands-vs-south-africa-16th-match-group-d-1415716/full-scorecard,103,9,106,6,South Africa,wickets,4
15,Group,Sri Lanka,Bangladesh,"Bangladesh, elected to field first",Bangladesh won by 2 wickets (with 6 balls remaining),124/9,125/8,https://www.espncricinfo.com/series/icc-men-s-t20-world-cup-2024-1411166/bangladesh-vs-sri-lanka-15th-match-group-d-1415715/full-scorecard,124,9,125,8,Bangladesh,wickets,2
14,Group,Afghanistan,New Zealand,"New Zealand, elected to field first",Afghanistan won by 84 runs,159/6,75,https://www.espncricinfo.com/series/icc-men-s-t20-world-cup-2024-1411166/afghanistan-vs-new-zealand-14th-match-group-c-1415714/full-scorecard,159,6,75,10,Afghanistan,runs,84
13,Group,Canada,Ireland,"Ireland, elected to field first",Canada won by 12 runs,137/7,125/7,https://www.espncricinfo.com/series/icc-men-s-t20-world-cup-2024-1411166/canada-vs-ireland-13th-match-group-a-1415713/full-scorecard,137,7,125,7,Canada,runs,12
12,Group,Namibia,Scotland,"Namibia, elected to bat first",Scotland won by 5 wickets (with 9 balls remaining),155/9,157/5,https://www.espncricinfo.com/series/icc-men-s-t20-world-cup-2024-1411166/namibia-vs-scotland-12th-match-group-b-1415712/full-scorecard,155,9,157,5,Scotland,wickets,5
11,Group,Pakistan,United States of America,"United States of America, elected to field first",Match tied (U.S.A. won the Super Over),159/7,159/3,https://www.espncricinfo.com/series/icc-men-s-t20-world-cup-2024-1411166/united-states-of-america-vs-pakistan-11th-match-group-a-1415711/full-scorecard,159,7,159,3,,tie,
10,Group,Australia,Oman,"Oman, elected to field first",Australia won by 39 runs,164/5,125/9,https://www.espncricinfo.com/series/icc-men-s-t20-world-cup-2024-1411166/australia-vs-oman-10th-match-group-b-1415710/full-scorecard,164,5,125,9,Australia,runs,39
9,Group,Papua New Guinea,Uganda,"Uganda, elected to field first",Uganda won by 3 wickets (with 10 balls remaining),77,78/7,https://www.espncricinfo.com/series/icc-men-s-t20-world-cup-2024-1411166/papua-new-guinea-vs-uganda-9th-match-group-c-1415709/full-scorecard,77,10,78,7,Uganda,wickets,3
8,Group,Ireland,India,"India, elected to field first",India won by 8 wickets (with 46 balls remaining),96,97/2,https://www.espncricinfo.com/series/icc-men-s-t20-world-cup-2024-1411166/india-vs-ireland-8th-match-group-a-1415708/full-scorecard,96,10,97,2,India,wickets,8
7,Group,Nepal,Netherlands,"Netherlands, elected to field first",Netherlands won by 6 wickets (with 8 balls remaining),106,109/4,https://www.espncricinfo.com/series/icc-men-s-t20-world-cup-2024-1411166/nepal-vs-netherlands-7th-match-group-d-1415707/full-scorecard,106,10,109,4,Netherlands,wickets,6
6,Group,Scotland,England,"Scotland, elected to bat first",No result,90/0,,https://www.espncricinfo.com/series/icc-men-s-t20-world-cup-2024-1411166/england-vs-scotland-6th-match-group-b-1415706/full-scorecard,90,0,,,,NR,
5,Group,Afghanistan,Uganda,"Uganda, elected to field first",Afghanistan won by 125 runs,183/5,58,https://www.espncricinfo.com/series/icc-men-s-t20-world-cup-2024-1411166/afghanistan-vs-uganda-5th-match-group-c-1415705/full-scorecard,183,5,58,10,Afghanistan,runs,125
4,Group,Sri Lanka,South Africa,"Sri Lanka, elected to bat first",South Africa won by 6 wickets (with 22 balls remaining),77,80/4,https://www.espncricinfo.com/series/icc-men-s-t20-world-cup-2024-1411166/south-africa-vs-sri-lanka-4th-match-group-d-1415704/full-scorecard,77,10,80,4,South Africa,wickets,6
3,Group,Oman,Namibia,"Namibia, elected to field first",Match tied (Namibia won the Super Over),109,109/6,https://www.espncricinfo.com/series/icc-men-s-t20-world-cup-2024-1411166/namibia-vs-oman-3rd-match-group-b-1415703/full-scorecard,109,10,109,6,,tie,
2,Group,Papua New Guinea,West Indies,"West Indies, elected to field first",West Indies won by 5 wickets (with 6 balls remaining),136/8,137/5,https://www.espncricinfo.com/series/icc-men-s-t20-world-cup-2024-1411166/west-indies-vs-papua-new-guinea-2nd-match-group-c-1415702/full-scorecard,136,8,137,5,West Indies,wickets,5
1,Group,Canada,United States of America,"United States of America, elected to field first",U.S.A. won by 7 wickets (with 14 balls remaining),194/5,197/3,https://www.espncricinfo.com/series/icc-men-s-t20-world-cup-2024-1411166/united-states-of-america-vs-canada-1st-match-group-a-1415701/full-scorecard,194,5,197,3,,,
