match_no,bowler,team,against,overs,maidens,runs,wickets,economy
1,Dilon Heyliger,Canada,United States of America,3,0,19,1,6.33
1,Jeremy Gordon,Canada,United States of America,3,0,44,0,14.66
1,Kaleem Sana,Canada,United States of America,4,0,34,1,8.5
1,Nikhil Dutta,Canada,United States of America,2.4,0,41,1,15.37
1,Pargat Singh,Canada,United States of America,1,0,15,0,15
1,Saad Bin Zafar,Canada,United States of America,4,0,42,0,10.5
1,Ali Khan,United States of America,Canada,4,0,41,1,10.25
1,Corey Anderson,United States of America,Canada,3,0,29,1,9.66
1,Harmeet Singh,United States of America,Canada,4,0,27,1,6.75
1,Jasdeep Singh,United States of America,Canada,3,0,24,0,8
1,Saurabh Netravalkar,United States of America,Canada,2,0,16,0,8
1,Shadley van Schalkwyk,United States of America,Canada,3,0,34,0,11.33
1,Steven Taylor,United States of America,Canada,1,0,15,0,15
2,Alei Nao,Papua New Guinea,West Indies,2,1,9,1,4.5
2,Assad Vala,Papua New Guinea,West Indies,4,1,28,2,7
2,Chad Soper,Papua New Guinea,West Indies,3,0,19,1,6.33
2,Charles Amini,Papua New Guinea,West Indies,2,0,14,0,7
2,John Kariko,Papua New Guinea,West Indies,4,0,17,1,4.25
2,Kabua Morea,Papua New Guinea,West Indies,3,0,30,0,10
2,Sese Bau,Papua New Guinea,West Indies,1,0,18,0,18
2,Akeal Hosein,West Indies,Papua New Guinea,3,0,9,1,3
2,Alzarri Joseph,West Indies,Papua New Guinea,4,0,34,2,8.5
2,Andre Russell,West Indies,Papua New Guinea,3,0,19,2,6.33
2,Gudakesh Motie,West Indies,Papua New Guinea,3,0,24,1,8
2,Romario Shepherd,West Indies,Papua New Guinea,3,0,23,1,7.66
2,Roston Chase,West Indies,Papua New Guinea,4,0,26,0,6.5
3,Bernard Scholtz,Namibia,Oman,4,0,20,1,5
3,David Wiese,Namibia,Oman,3.4,0,28,3,7.63
3,Gerhard Erasmus,Namibia,Oman,4,0,20,2,5
3,Ruben Trumpelmann,Namibia,Oman,4,0,21,4,5.25
3,Tangeni Lungameni,Namibia,Oman,4,0,18,0,4.5
3,Aqib Ilyas,Oman,Namibia,4,1,17,1,4.25
3,Ayaan Khan,Oman,Namibia,2,0,12,1,6
3,Bilal Khan,Oman,Namibia,4,0,25,1,6.25
3,Kaleemullah,Oman,Namibia,2,0,10,0,5
3,Mehran Khan,Oman,Namibia,3,1,7,3,2.33
3,Shakeel Ahmed,Oman,Namibia,3,0,20,0,6.66
3,Zeeshan Maqsood,Oman,Namibia,2,0,12,0,6
4,Anrich Nortje,South Africa,Sri Lanka,4,0,7,4,1.75
4,Kagiso Rabada,South Africa,Sri Lanka,4,1,21,2,5.25
4,Keshav Maharaj,South Africa,Sri Lanka,4,0,22,2,5.5
4,Marco Jansen,South Africa,Sri Lanka,3.1,0,15,0,4.73
4,Ottneil Baartman,South Africa,Sri Lanka,4,1,9,1,2.25
4,Angelo Mathews,Sri Lanka,South Africa,3,0,16,0,5.33
4,Dasun Shanaka,Sri Lanka,South Africa,3,1,6,1,2
4,Maheesh Theekshana,Sri Lanka,South Africa,1,0,3,0,3
4,Matheesha Pathirana,Sri Lanka,South Africa,3,0,12,0,4
4,Nuwan Thushara,Sri Lanka,South Africa,3,0,18,1,6
4,Wanindu Hasaranga,Sri Lanka,South Africa,3.2,0,22,2,6.6
5,Azmatullah Omarzai,Afghanistan,Uganda,2,0,7,0,3.5
5,Fazalhaq Farooqi,Afghanistan,Uganda,4,0,9,5,2.25
5,Mohammad Nabi,Afghanistan,Uganda,1,0,8,0,8
5,Mujeeb Ur Rahman,Afghanistan,Uganda,3,0,16,1,5.33
5,Naveen-ul-Haq,Afghanistan,Uganda,2,0,4,2,2
5,Rashid Khan,Afghanistan,Uganda,4,0,12,2,3
5,Alpesh Ramjani,Uganda,Afghanistan,4,0,33,1,8.25
5,Bilal Hassan,Uganda,Afghanistan,2,0,34,0,17
5,Brian Masaba,Uganda,Afghanistan,4,0,21,2,5.25
5,Cosmas Kyewuta,Uganda,Afghanistan,4,0,25,2,6.25
5,Dinesh Nakrani,Uganda,Afghanistan,3,0,37,0,12.33
5,Henry Ssenyondo,Uganda,Afghanistan,2,0,19,0,9.5
5,Riazat Ali Shah,Uganda,Afghanistan,1,0,11,0,11
6,Adil Rashid,England,Scotland,2,0,26,0,13
6,Chris Jordan,England,Scotland,2,0,24,0,12
6,Jofra Archer,England,Scotland,2,0,12,0,6
6,Mark Wood,England,Scotland,2,0,11,0,5.5
6,Moeen Ali,England,Scotland,2,0,15,0,7.5
6,AU Rashid,Scotland,England,2,0,26,0,13
6,CJ Jordan,Scotland,England,2,0,24,0,12
6,JC Archer,Scotland,England,2,0,12,0,6
6,MM Ali,Scotland,England,2,0,15,0,7.5
7,Abinash Bohara,Nepal,Netherlands,3.4,0,29,1,7.9
7,Dipendra Singh Airee,Nepal,Netherlands,2,0,6,1,3
7,Gulsan Jha,Nepal,Netherlands,2,0,17,0,8.5
7,Karan KC,Nepal,Netherlands,3,0,17,0,5.66
7,Sagar Dhakal,Nepal,Netherlands,4,0,21,0,5.25
7,Sompal Kami,Nepal,Netherlands,4,0,18,1,4.5
7,Bas de Leede,Netherlands,Nepal,4,1,22,2,5.5
7,Logan van Beek,Netherlands,Nepal,3.2,0,18,3,5.4
7,Paul van Meekeren,Netherlands,Nepal,4,0,19,2,4.75
7,Tim Pringle,Netherlands,Nepal,4,0,20,3,5
7,Vivian Kingma,Netherlands,Nepal,4,0,23,0,5.75
8,Arshdeep Singh,India,Ireland,4,0,35,2,8.75
8,Axar Patel,India,Ireland,1,0,3,1,3
8,Hardik Pandya,India,Ireland,4,1,27,3,6.75
8,Jasprit Bumrah,India,Ireland,3,1,6,2,2
8,Mohammed Siraj,India,Ireland,3,0,13,1,4.33
8,Ravindra Jadeja,India,Ireland,1,0,7,0,7
8,Barry McCarthy,Ireland,India,2.2,0,18,0,7.71
8,Ben White,Ireland,India,1,0,6,1,6
8,Curtis Campher,Ireland,India,1,0,4,0,4
8,Josh Little,Ireland,India,4,0,42,0,10.5
8,Mark Adair,Ireland,India,4,0,27,1,6.75
9,Alei Nao,Papua New Guinea,Uganda,4,0,16,2,4
9,Assad Vala,Papua New Guinea,Uganda,2,0,10,1,5
9,Chad Soper,Papua New Guinea,Uganda,4,0,13,1,3.25
9,Charles Amini,Papua New Guinea,Uganda,0.2,0,2,0,6
9,John Kariko,Papua New Guinea,Uganda,4,0,18,0,4.5
9,Norman Vanua,Papua New Guinea,Uganda,4,0,19,2,4.75
9,Alpesh Ramjani,Uganda,Papua New Guinea,4,1,17,2,4.25
9,Brian Masaba,Uganda,Papua New Guinea,4,0,17,1,4.25
9,Cosmas Kyewuta,Uganda,Papua New Guinea,3.1,0,17,2,5.36
9,Frank Nsubuga,Uganda,Papua New Guinea,4,2,4,2,1
9,Juma Miyagi,Uganda,Papua New Guinea,4,0,11,2,2.75
10,Adam Zampa,Australia,Oman,4,0,24,2,6
10,Glenn Maxwell,Australia,Oman,2,0,11,0,5.5
10,Josh Hazlewood,Australia,Oman,4,0,21,0,5.25
10,Marcus Stoinis,Australia,Oman,3,0,19,3,6.33
10,Mitchell Starc,Australia,Oman,3,0,20,2,6.66
10,Nathan Ellis,Australia,Oman,4,0,28,2,7
10,Aqib Ilyas,Oman,Australia,4,0,18,0,4.5
10,Bilal Khan,Oman,Australia,4,0,36,1,9
10,Kaleemullah,Oman,Australia,3,0,30,1,10
10,Mehran Khan,Oman,Australia,4,0,38,2,9.5
10,Shakeel Ahmed,Oman,Australia,4,0,28,0,7
10,Zeeshan Maqsood,Oman,Australia,1,0,12,0,12
11,Haris Rauf,Pakistan,United States of America,4,0,37,1,9.25
11,Iftikhar Ahmed,Pakistan,United States of America,1,0,10,0,10
11,Mohammad Amir,Pakistan,United States of America,4,0,25,1,6.25
11,Naseem Shah,Pakistan,United States of America,4,0,26,1,6.5
11,Shadab Khan,Pakistan,United States of America,3,0,27,0,9
11,Shaheen Shah Afridi,Pakistan,United States of America,4,0,33,0,8.25
11,Ali Khan,United States of America,Pakistan,4,0,30,1,7.5
11,Corey Anderson,United States of America,Pakistan,1,0,6,0,6
11,Harmeet Singh,United States of America,Pakistan,4,0,34,0,8.5
11,Jasdeep Singh,United States of America,Pakistan,3,0,37,1,12.33
11,Nosthush Kenjige,United States of America,Pakistan,4,0,30,3,7.5
11,Saurabh Netravalkar,United States of America,Pakistan,4,0,18,2,4.5
12,Bernard Scholtz,Namibia,Scotland,4,0,20,1,5
12,David Wiese,Namibia,Scotland,3.3,0,30,0,8.57
12,Gerhard Erasmus,Namibia,Scotland,4,0,29,2,7.25
12,Ruben Trumpelmann,Namibia,Scotland,4,0,36,1,9
12,Tangeni Lungameni,Namibia,Scotland,3,0,39,1,13
12,Brad Currie,Scotland,Namibia,4,0,16,2,4
12,Brad Wheal,Scotland,Namibia,4,0,33,3,8.25
12,Chris Greaves,Scotland,Namibia,3,0,24,1,8
12,Chris Sole,Scotland,Namibia,3,0,23,1,7.66
12,Mark Watt,Scotland,Namibia,4,0,39,0,9.75
12,Michael Leask,Scotland,Namibia,2,0,16,1,8
13,Dilon Heyliger,Canada,Ireland,4,0,18,2,4.5
13,Jeremy Gordon,Canada,Ireland,4,0,16,2,4
13,Junaid Siddiqui,Canada,Ireland,4,0,27,1,6.75
13,Kaleem Sana,Canada,Ireland,4,0,38,0,9.5
13,Saad Bin Zafar,Canada,Ireland,4,0,22,1,5.5
13,Barry McCarthy,Ireland,Canada,4,0,24,2,6
13,Craig Young,Ireland,Canada,4,0,32,2,8
13,Curtis Campher,Ireland,Canada,2,0,11,0,5.5
13,Gareth Delany,Ireland,Canada,2,0,10,1,5
13,Josh Little,Ireland,Canada,4,0,37,0,9.25
13,Mark Adair,Ireland,Canada,4,0,23,1,5.75
14,Fazalhaq Farooqi,Afghanistan,New Zealand,3.2,0,17,4,5.1
14,Mohammad Nabi,Afghanistan,New Zealand,4,0,16,2,4
14,Naveen-ul-Haq,Afghanistan,New Zealand,3,0,10,0,3.33
14,Noor Ahmad,Afghanistan,New Zealand,1,0,10,0,10
14,Rashid Khan,Afghanistan,New Zealand,4,0,17,4,4.25
14,Daryl Mitchell,New Zealand,Afghanistan,1,0,16,0,16
14,Lockie Ferguson,New Zealand,Afghanistan,4,0,28,1,7
14,Matt Henry,New Zealand,Afghanistan,4,0,37,2,9.25
14,Michael Bracewell,New Zealand,Afghanistan,3,0,27,0,9
14,Mitchell Santner,New Zealand,Afghanistan,4,0,24,0,6
14,Trent Boult,New Zealand,Afghanistan,4,0,22,2,5.5
15,Mahmudullah,Bangladesh,Sri Lanka,1,0,4,0,4
15,Mustafizur Rahman,Bangladesh,Sri Lanka,4,0,17,3,4.25
15,Rishad Hossain,Bangladesh,Sri Lanka,4,0,22,3,5.5
15,Shakib Al Hasan,Bangladesh,Sri Lanka,3,0,30,0,10
15,Tanzim Hasan Sakib,Bangladesh,Sri Lanka,4,0,24,1,6
15,Taskin Ahmed,Bangladesh,Sri Lanka,4,0,25,2,6.25
15,Dasun Shanaka,Sri Lanka,Bangladesh,1,0,11,0,11
15,Dhananjaya de Silva,Sri Lanka,Bangladesh,2,0,11,1,5.5
15,Maheesh Theekshana,Sri Lanka,Bangladesh,4,0,25,0,6.25
15,Matheesha Pathirana,Sri Lanka,Bangladesh,4,0,27,1,6.75
15,Nuwan Thushara,Sri Lanka,Bangladesh,4,0,18,4,4.5
15,Wanindu Hasaranga,Sri Lanka,Bangladesh,4,0,32,2,8
16,Bas de Leede,Netherlands,South Africa,3.5,0,34,1,8.86
16,Logan van Beek,Netherlands,South Africa,4,1,21,2,5.25
16,Paul van Meekeren,Netherlands,South Africa,4,1,13,0,3.25
16,Tim Pringle,Netherlands,South Africa,2,0,14,0,7
16,Vikramjit Singh,Netherlands,South Africa,1,0,11,0,11
16,Vivian Kingma,Netherlands,South Africa,4,1,12,2,3
16,Anrich Nortje,South Africa,Netherlands,4,0,19,2,4.75
16,Kagiso Rabada,South Africa,Netherlands,4,0,27,0,6.75
16,Keshav Maharaj,South Africa,Netherlands,4,0,24,0,6
16,Marco Jansen,South Africa,Netherlands,4,0,20,2,5
16,Ottneil Baartman,South Africa,Netherlands,4,0,11,4,2.75
17,Adam Zampa,Australia,England,4,0,28,2,7
17,Glenn Maxwell,Australia,England,2,0,22,0,11
17,Josh Hazlewood,Australia,England,4,0,28,1,7
17,Marcus Stoinis,Australia,England,3,0,24,1,8
17,Mitchell Starc,Australia,England,3,0,37,0,12.33
17,Pat Cummins,Australia,England,4,0,23,2,5.75
17,Adil Rashid,England,Australia,4,0,41,1,10.25
17,Chris Jordan,England,Australia,4,0,44,2,11
17,Jofra Archer,England,Australia,4,0,28,1,7
17,Liam Livingstone,England,Australia,2,0,15,1,7.5
17,Mark Wood,England,Australia,3,0,32,0,10.66
17,Moeen Ali,England,Australia,2,0,18,1,9
17,Will Jacks,England,Australia,1,0,22,0,22
18,Alpesh Ramjani,Uganda,West Indies,3,0,16,1,5.33
18,Brian Masaba,Uganda,West Indies,4,0,31,2,7.75
18,Cosmas Kyewuta,Uganda,West Indies,4,0,42,1,10.5
18,Dinesh Nakrani,Uganda,West Indies,3,0,20,1,6.66
18,Frank Nsubuga,Uganda,West Indies,3,0,29,0,9.66
18,Juma Miyagi,Uganda,West Indies,3,0,29,0,9.66
18,Akeal Hosein,West Indies,Uganda,4,0,11,5,2.75
18,Alzarri Joseph,West Indies,Uganda,3,0,6,2,2
18,Andre Russell,West Indies,Uganda,1,0,4,1,4
18,Gudakesh Motie,West Indies,Uganda,2,0,6,1,3
18,Romario Shepherd,West Indies,Uganda,2,0,9,1,4.5
19,Arshdeep Singh,India,Pakistan,4,0,31,1,7.75
19,Axar Patel,India,Pakistan,2,0,11,1,5.5
19,Hardik Pandya,India,Pakistan,4,0,24,2,6
19,Jasprit Bumrah,India,Pakistan,4,0,14,3,3.5
19,Mohammed Siraj,India,Pakistan,4,0,19,0,4.75
19,Ravindra Jadeja,India,Pakistan,2,0,10,0,5
19,Haris Rauf,Pakistan,India,3,0,21,3,7
19,Iftikhar Ahmed,Pakistan,India,1,0,7,0,7
19,Imad Wasim,Pakistan,India,3,0,17,0,5.66
19,Mohammad Amir,Pakistan,India,4,0,23,2,5.75
19,Naseem Shah,Pakistan,India,4,0,21,3,5.25
19,Shaheen Shah Afridi,Pakistan,India,4,0,29,1,7.25
20,Aqib Ilyas,Oman,Scotland,3,0,41,1,13.66
20,Ayaan Khan,Oman,Scotland,1,0,20,0,20
20,Bilal Khan,Oman,Scotland,2.1,0,12,1,5.53
20,Kaleemullah,Oman,Scotland,2,0,17,0,8.5
20,Mehran Khan,Oman,Scotland,1,0,16,1,16
20,Shakeel Ahmed,Oman,Scotland,2,0,23,0,11.5
20,Zeeshan Maqsood,Oman,Scotland,2,0,22,0,11
20,Brad Wheal,Scotland,Oman,4,0,19,1,4.75
20,Chris Greaves,Scotland,Oman,1,0,2,1,2
20,Chris Sole,Scotland,Oman,4,0,41,1,10.25
20,Mark Watt,Scotland,Oman,4,0,25,1,6.25
20,Michael Leask,Scotland,Oman,3,0,21,0,7
20,Safyaan Sharif,Scotland,Oman,4,0,40,2,10
21,Mahmudullah,Bangladesh,South Africa,3,0,17,0,5.66
21,Mustafizur Rahman,Bangladesh,South Africa,4,0,18,0,4.5
21,Rishad Hossain,Bangladesh,South Africa,4,0,32,1,8
21,Shakib Al Hasan,Bangladesh,South Africa,1,0,6,0,6
21,Tanzim Hasan Sakib,Bangladesh,South Africa,4,0,18,3,4.5
21,Taskin Ahmed,Bangladesh,South Africa,4,0,19,2,4.75
21,Anrich Nortje,South Africa,Bangladesh,4,0,17,2,4.25
21,Kagiso Rabada,South Africa,Bangladesh,4,0,19,2,4.75
21,Keshav Maharaj,South Africa,Bangladesh,4,0,27,3,6.75
21,Marco Jansen,South Africa,Bangladesh,4,0,17,0,4.25
21,Ottneil Baartman,South Africa,Bangladesh,4,0,27,0,6.75
22,Dilon Heyliger,Canada,Pakistan,4,0,18,2,4.5
22,Jeremy Gordon,Canada,Pakistan,3.3,0,17,1,4.85
22,Junaid Siddiqui,Canada,Pakistan,3,0,28,0,9.33
22,Kaleem Sana,Canada,Pakistan,3,0,21,0,7
22,Saad Bin Zafar,Canada,Pakistan,4,0,23,0,5.75
22,Haris Rauf,Pakistan,Canada,4,0,26,2,6.5
22,Imad Wasim,Pakistan,Canada,4,0,19,0,4.75
22,Mohammad Amir,Pakistan,Canada,4,0,13,2,3.25
22,Naseem Shah,Pakistan,Canada,4,0,24,1,6
22,Shaheen Shah Afridi,Pakistan,Canada,4,0,21,1,5.25
24,Adam Zampa,Australia,Namibia,4,0,12,4,3
24,Josh Hazlewood,Australia,Namibia,4,0,18,2,4.5
24,Marcus Stoinis,Australia,Namibia,3,0,9,2,3
24,Nathan Ellis,Australia,Namibia,3,1,12,1,4
24,Pat Cummins,Australia,Namibia,3,1,16,1,5.33
24,Ben Shikongo,Namibia,Australia,1,0,19,0,19
24,David Wiese,Namibia,Australia,1,0,15,1,15
24,Gerhard Erasmus,Namibia,Australia,1,0,6,0,6
24,Jack Brassell,Namibia,Australia,0.4,0,14,0,21
24,Ruben Trumpelmann,Namibia,Australia,2,0,19,0,9.5
25,Arshdeep Singh,India,United States of America,4,0,9,4,2.25
25,Axar Patel,India,United States of America,3,0,25,1,8.33
25,Hardik Pandya,India,United States of America,4,1,14,2,3.5
25,Jasprit Bumrah,India,United States of America,4,0,25,0,6.25
25,Mohammed Siraj,India,United States of America,4,0,25,0,6.25
25,Shivam Dube,India,United States of America,1,0,11,0,11
25,Ali Khan,United States of America,India,3.2,0,21,1,6.3
25,Corey Anderson,United States of America,India,3,0,17,0,5.66
25,Jasdeep Singh,United States of America,India,4,0,24,0,6
25,Saurabh Netravalkar,United States of America,India,4,0,18,2,4.5
25,Shadley van Schalkwyk,United States of America,India,4,0,25,0,6.25
26,Daryl Mitchell,New Zealand,West Indies,1,0,19,0,19
26,Glenn Phillips,New Zealand,West Indies,1,0,9,0,9
26,James Neesham,New Zealand,West Indies,4,0,27,1,6.75
26,Lockie Ferguson,New Zealand,West Indies,4,0,27,2,6.75
26,Mitchell Santner,New Zealand,West Indies,2,0,27,1,13.5
26,Tim Southee,New Zealand,West Indies,4,0,21,2,5.25
26,Trent Boult,New Zealand,West Indies,4,1,16,3,4
26,Akeal Hosein,West Indies,New Zealand,4,0,21,1,5.25
26,Alzarri Joseph,West Indies,New Zealand,4,0,19,4,4.75
26,Andre Russell,West Indies,New Zealand,4,0,30,1,7.5
26,Gudakesh Motie,West Indies,New Zealand,4,0,25,3,6.25
26,Romario Shepherd,West Indies,New Zealand,3,0,36,0,12
26,Roston Chase,West Indies,New Zealand,1,0,4,0,4
27,Mahmudullah,Bangladesh,Netherlands,1,0,6,1,6
27,Mustafizur Rahman,Bangladesh,Netherlands,4,0,12,1,3
27,Rishad Hossain,Bangladesh,Netherlands,4,0,33,3,8.25
27,Shakib Al Hasan,Bangladesh,Netherlands,4,0,29,0,7.25
27,Tanzim Hasan Sakib,Bangladesh,Netherlands,3,0,23,1,7.66
27,Taskin Ahmed,Bangladesh,Netherlands,4,0,30,2,7.5
27,Aryan Dutt,Netherlands,Bangladesh,4,0,17,2,4.25
27,Bas de Leede,Netherlands,Bangladesh,3,0,31,0,10.33
27,Logan van Beek,Netherlands,Bangladesh,4,0,43,0,10.75
27,Paul van Meekeren,Netherlands,Bangladesh,4,0,15,2,3.75
27,Tim Pringle,Netherlands,Bangladesh,3,0,26,1,8.66
27,Vivian Kingma,Netherlands,Bangladesh,2,0,20,0,10
28,Adil Rashid,England,Oman,4,0,11,4,2.75
28,Jofra Archer,England,Oman,3.2,1,12,3,3.6
28,Mark Wood,England,Oman,3,0,12,3,4
28,Reece Topley,England,Oman,3,0,12,0,4
28,Bilal Khan,Oman,England,2,0,36,1,18
28,Fayyaz Butt,Oman,England,0.1,0,4,0,24
28,Kaleemullah,Oman,England,1,0,10,1,10
29,Azmatullah Omarzai,Afghanistan,Papua New Guinea,2,1,5,0,2.5
29,Fazalhaq Farooqi,Afghanistan,Papua New Guinea,4,0,16,3,4
29,Karim Janat,Afghanistan,Papua New Guinea,2,0,10,0,5
29,Mohammad Nabi,Afghanistan,Papua New Guinea,1,0,9,0,9
29,Naveen-ul-Haq,Afghanistan,Papua New Guinea,2.5,0,4,2,1.41
29,Noor Ahmad,Afghanistan,Papua New Guinea,4,0,14,1,3.5
29,Rashid Khan,Afghanistan,Papua New Guinea,4,0,25,0,6.25
29,Alei Nao,Papua New Guinea,Afghanistan,4,0,26,1,6.5
29,Chad Soper,Papua New Guinea,Afghanistan,2.1,0,19,0,8.76
29,John Kariko,Papua New Guinea,Afghanistan,3,0,15,0,5
29,Norman Vanua,Papua New Guinea,Afghanistan,3,0,18,1,6
29,Semo Kamea,Papua New Guinea,Afghanistan,3,0,16,1,5.33
31,Abinash Bohara,Nepal,South Africa,3,0,19,0,6.33
31,Dipendra Singh Airee,Nepal,South Africa,4,0,21,3,5.25
31,Karan KC,Nepal,South Africa,1,0,9,0,9
31,Kushal Bhurtel,Nepal,South Africa,4,0,19,4,4.75
31,Kushal Malla,Nepal,South Africa,2,0,17,0,8.5
31,Sandeep Lamichhane,Nepal,South Africa,4,0,18,0,4.5
31,Sompal Kami,Nepal,South Africa,2,1,6,0,3
31,Aiden Markram,South Africa,Nepal,2,0,8,1,4
31,Anrich Nortje,South Africa,Nepal,4,0,27,1,6.75
31,Kagiso Rabada,South Africa,Nepal,2,0,17,0,8.5
31,Marco Jansen,South Africa,Nepal,4,0,16,0,4
31,Ottneil Baartman,South Africa,Nepal,4,0,20,0,5
31,Tabraiz Shamsi,South Africa,Nepal,4,0,19,4,4.75
32,Lockie Ferguson,New Zealand,Uganda,4,0,9,1,2.25
32,Mitchell Santner,New Zealand,Uganda,3.4,0,8,2,2.18
32,Rachin Ravindra,New Zealand,Uganda,3,1,9,2,3
32,Tim Southee,New Zealand,Uganda,4,1,4,3,1
32,Trent Boult,New Zealand,Uganda,4,1,7,2,1.75
32,Cosmas Kyewuta,Uganda,New Zealand,2,0,13,0,6.5
32,Juma Miyagi,Uganda,New Zealand,2.2,0,16,0,6.85
32,Riazat Ali Shah,Uganda,New Zealand,1,0,10,1,10
34,Adil Rashid,England,Namibia,2,0,29,0,14.5
34,Chris Jordan,England,Namibia,2,0,19,1,9.5
34,Jofra Archer,England,Namibia,2,0,15,1,7.5
34,Reece Topley,England,Namibia,2,0,6,0,3
34,Sam Curran,England,Namibia,2,0,13,0,6.5
34,Bernard Scholtz,Namibia,England,2,0,24,1,12
34,David Wiese,Namibia,England,2,0,6,1,3
34,Gerhard Erasmus,Namibia,England,2,0,26,0,13
34,Jack Brassell,Namibia,England,2,0,32,0,16
34,Ruben Trumpelmann,Namibia,England,2,0,31,2,15.5
35,Adam Zampa,Australia,Scotland,4,0,30,1,7.5
35,Ashton Agar,Australia,Scotland,4,0,39,1,9.75
35,Glenn Maxwell,Australia,Scotland,4,0,44,2,11
35,Mitchell Starc,Australia,Scotland,4,0,31,0,7.75
35,Nathan Ellis,Australia,Scotland,4,0,34,1,8.5
35,Brad Wheal,Scotland,Australia,3.4,1,28,1,7.63
35,Chris Greaves,Scotland,Australia,1,0,4,0,4
35,Chris Sole,Scotland,Australia,3,0,33,0,11
35,Mark Watt,Scotland,Australia,4,0,34,2,8.5
35,Michael Leask,Scotland,Australia,4,0,39,0,9.75
35,Safyaan Sharif,Scotland,Australia,4,0,42,2,10.5
36,Barry McCarthy,Ireland,Pakistan,4,1,15,3,3.75
36,Ben White,Ireland,Pakistan,2,0,11,1,5.5
36,Curtis Campher,Ireland,Pakistan,4,0,24,2,6
36,Gareth Delany,Ireland,Pakistan,1.5,0,19,0,10.36
36,Josh Little,Ireland,Pakistan,3,0,17,0,5.66
36,Mark Adair,Ireland,Pakistan,4,0,24,1,6
36,Abbas Afridi,Pakistan,Ireland,3,0,31,0,10.33
36,Haris Rauf,Pakistan,Ireland,4,0,17,1,4.25
36,Imad Wasim,Pakistan,Ireland,4,0,8,3,2
36,Mohammad Amir,Pakistan,Ireland,4,1,11,2,2.75
36,Shadab Khan,Pakistan,Ireland,1,0,11,0,11
36,Shaheen Shah Afridi,Pakistan,Ireland,4,0,22,3,5.5
37,Mahmudullah,Bangladesh,Nepal,2,0,15,0,7.5
37,Mustafizur Rahman,Bangladesh,Nepal,4,1,7,3,1.75
37,Rishad Hossain,Bangladesh,Nepal,3,0,15,0,5
37,Shakib Al Hasan,Bangladesh,Nepal,2.2,0,9,2,3.85
37,Tanzim Hasan Sakib,Bangladesh,Nepal,4,2,7,4,1.75
37,Taskin Ahmed,Bangladesh,Nepal,4,0,29,1,7.25
37,Abinash Bohara,Nepal,Bangladesh,1,0,10,0,10
37,Dipendra Singh Airee,Nepal,Bangladesh,3.3,0,22,2,6.28
37,Kushal Bhurtel,Nepal,Bangladesh,4,0,22,0,5.5
37,Rohit Paudel,Nepal,Bangladesh,4,0,20,2,5
37,Sandeep Lamichhane,Nepal,Bangladesh,4,1,17,2,4.25
37,Sompal Kami,Nepal,Bangladesh,3,0,10,2,3.33
38,Aryan Dutt,Netherlands,Sri Lanka,3,0,23,1,7.66
38,Bas de Leede,Netherlands,Sri Lanka,3,0,32,0,10.66
38,Logan van Beek,Netherlands,Sri Lanka,4,0,45,2,11.25
38,Paul van Meekeren,Netherlands,Sri Lanka,3,0,37,1,12.33
38,Tim Pringle,Netherlands,Sri Lanka,4,0,41,1,10.25
38,Vivian Kingma,Netherlands,Sri Lanka,3,0,23,1,7.66
38,Angelo Mathews,Sri Lanka,Netherlands,2,0,20,0,10
38,Dasun Shanaka,Sri Lanka,Netherlands,1,0,10,1,10
38,Maheesh Theekshana,Sri Lanka,Netherlands,3,0,25,1,8.33
38,Matheesha Pathirana,Sri Lanka,Netherlands,3,0,12,2,4
38,Nuwan Thushara,Sri Lanka,Netherlands,3.4,0,24,3,6.54
38,Wanindu Hasaranga,Sri Lanka,Netherlands,4,0,25,2,6.25
39,Ish Sodhi,New Zealand,Papua New Guinea,3.4,0,29,2,7.9
39,Lockie Ferguson,New Zealand,Papua New Guinea,4,4,0,3,0
39,Mitchell Santner,New Zealand,Papua New Guinea,4,0,17,1,4.25
39,Tim Southee,New Zealand,Papua New Guinea,4,0,11,2,2.75
39,Trent Boult,New Zealand,Papua New Guinea,4,0,14,2,3.5
39,Alei Nao,Papua New Guinea,New Zealand,3,0,22,0,7.33
39,Assad Vala,Papua New Guinea,New Zealand,1,0,4,0,4
39,Chad Soper,Papua New Guinea,New Zealand,1,0,14,0,14
39,Charles Amini,Papua New Guinea,New Zealand,1,0,5,0,5
39,Kabua Morea,Papua New Guinea,New Zealand,2.2,0,4,2,1.71
39,Norman Vanua,Papua New Guinea,New Zealand,1,0,6,0,6
39,Semo Kamea,Papua New Guinea,New Zealand,3,0,23,1,7.66
40,Azmatullah Omarzai,Afghanistan,West Indies,2,0,41,1,20.5
40,Fazalhaq Farooqi,Afghanistan,West Indies,3,0,38,0,12.66
40,Gulbadin Naib,Afghanistan,West Indies,2,0,14,2,7
40,Mohammad Nabi,Afghanistan,West Indies,1,0,15,0,15
40,Naveen-ul-Haq,Afghanistan,West Indies,4,0,41,1,10.25
40,Noor Ahmad,Afghanistan,West Indies,4,0,20,0,5
40,Rashid Khan,Afghanistan,West Indies,4,0,45,0,11.25
40,Akeal Hosein,West Indies,Afghanistan,4,1,21,2,5.25
40,Alzarri Joseph,West Indies,Afghanistan,3,0,30,1,10
40,Andre Russell,West Indies,Afghanistan,2.2,0,17,1,7.28
40,Gudakesh Motie,West Indies,Afghanistan,4,0,28,2,7
40,Obed McCoy,West Indies,Afghanistan,3,0,14,3,4.66
41,Aiden Markram,South Africa,United States of America,1,0,13,0,13
41,Anrich Nortje,South Africa,United States of America,4,0,37,1,9.25
41,Kagiso Rabada,South Africa,United States of America,4,0,18,3,4.5
41,Keshav Maharaj,South Africa,United States of America,4,0,24,1,6
41,Marco Jansen,South Africa,United States of America,3,0,32,0,10.66
41,Tabraiz Shamsi,South Africa,United States of America,4,0,50,1,12.5
41,Ali Khan,United States of America,South Africa,4,0,45,0,11.25
41,Corey Anderson,United States of America,South Africa,1,0,17,0,17
41,Harmeet Singh,United States of America,South Africa,4,0,24,2,6
41,Jasdeep Singh,United States of America,South Africa,2,0,36,0,18
41,Nosthush Kenjige,United States of America,South Africa,3,0,29,0,9.66
41,Saurabh Netravalkar,United States of America,South Africa,4,0,21,2,5.25
41,Steven Taylor,United States of America,South Africa,2,0,21,0,10.5
42,Adil Rashid,England,West Indies,4,0,21,1,5.25
42,Jofra Archer,England,West Indies,4,0,34,1,8.5
42,Liam Livingstone,England,West Indies,1,0,20,1,20
42,Mark Wood,England,West Indies,3,0,36,0,12
42,Moeen Ali,England,West Indies,2,0,15,1,7.5
42,Reece Topley,England,West Indies,3,0,26,0,8.66
42,Sam Curran,England,West Indies,3,0,25,0,8.33
42,Akeal Hosein,West Indies,England,4,0,35,0,8.75
42,Alzarri Joseph,West Indies,England,2.3,0,32,0,12.8
42,Andre Russell,West Indies,England,2,0,21,1,10.5
42,Gudakesh Motie,West Indies,England,4,0,32,0,8
42,Romario Shepherd,West Indies,England,2,0,41,0,20.5
42,Roston Chase,West Indies,England,3,0,19,1,6.33
43,Azmatullah Omarzai,Afghanistan,India,2,0,23,0,11.5
43,Fazalhaq Farooqi,Afghanistan,India,4,0,33,3,8.25
43,Mohammad Nabi,Afghanistan,India,3,0,24,0,8
43,Naveen-ul-Haq,Afghanistan,India,4,0,40,1,10
43,Noor Ahmad,Afghanistan,India,3,0,30,0,10
43,Rashid Khan,Afghanistan,India,4,0,26,3,6.5
43,Arshdeep Singh,India,Afghanistan,4,0,36,3,9
43,Axar Patel,India,Afghanistan,3,1,15,1,5
43,Hardik Pandya,India,Afghanistan,2,0,13,0,6.5
43,Jasprit Bumrah,India,Afghanistan,4,1,7,3,1.75
43,Kuldeep Yadav,India,Afghanistan,4,0,32,2,8
43,Ravindra Jadeja,India,Afghanistan,3,0,20,1,6.66
44,Adam Zampa,Australia,Bangladesh,4,0,24,2,6
44,Glenn Maxwell,Australia,Bangladesh,2,0,14,1,7
44,Josh Hazlewood,Australia,Bangladesh,4,1,25,0,6.25
44,Marcus Stoinis,Australia,Bangladesh,2,0,24,1,12
44,Mitchell Starc,Australia,Bangladesh,4,0,21,1,5.25
44,Pat Cummins,Australia,Bangladesh,4,0,29,3,7.25
44,Mahedi Hasan,Bangladesh,Australia,4,0,22,0,5.5
44,Mustafizur Rahman,Bangladesh,Australia,2,0,23,0,11.5
44,Rishad Hossain,Bangladesh,Australia,3,0,23,2,7.66
44,Tanzim Hasan Sakib,Bangladesh,Australia,1,0,9,0,9
44,Taskin Ahmed,Bangladesh,Australia,1.2,0,22,0,16.5
45,Adil Rashid,England,South Africa,4,0,20,1,5
45,Jofra Archer,England,South Africa,4,0,40,3,10
45,Mark Wood,England,South Africa,2,0,22,0,11
45,Moeen Ali,England,South Africa,3,0,25,1,8.33
45,Reece Topley,England,South Africa,4,0,23,0,5.75
45,Sam Curran,England,South Africa,3,0,29,0,9.66
45,Aiden Markram,South Africa,England,1,0,4,0,4
45,Anrich Nortje,South Africa,England,4,0,35,1,8.75
45,Kagiso Rabada,South Africa,England,4,0,32,2,8
45,Keshav Maharaj,South Africa,England,4,0,25,2,6.25
45,Marco Jansen,South Africa,England,4,0,31,0,7.75
45,Ottneil Baartman,South Africa,England,3,0,27,1,9
46,Ali Khan,United States of America,West Indies,2,0,18,0,9
46,Harmeet Singh,United States of America,West Indies,2,0,18,1,9
46,Milind Kumar,United States of America,West Indies,1,0,22,0,22
46,Nosthush Kenjige,United States of America,West Indies,1,0,11,0,11
46,Saurabh Netravalkar,United States of America,West Indies,2.5,0,31,0,10.94
46,Shadley van Schalkwyk,United States of America,West Indies,2,0,29,0,14.5
46,Akeal Hosein,West Indies,United States of America,3,0,13,0,4.33
46,Alzarri Joseph,West Indies,United States of America,4,0,31,2,7.75
46,Andre Russell,West Indies,United States of America,3.5,0,31,3,8.08
46,Gudakesh Motie,West Indies,United States of America,3,0,14,1,4.66
46,Obed McCoy,West Indies,United States of America,2,0,20,0,10
46,Roston Chase,West Indies,United States of America,4,0,19,3,4.75
47,Mahedi Hasan,Bangladesh,India,4,0,28,0,7
47,Mahmudullah,Bangladesh,India,2,0,8,0,4
47,Mustafizur Rahman,Bangladesh,India,4,0,48,0,12
47,Rishad Hossain,Bangladesh,India,3,0,43,2,14.33
47,Shakib Al Hasan,Bangladesh,India,3,0,37,1,12.33
47,Tanzim Hasan Sakib,Bangladesh,India,4,0,32,2,8
47,Arshdeep Singh,India,Bangladesh,4,0,30,2,7.5
47,Axar Patel,India,Bangladesh,2,0,26,0,13
47,Hardik Pandya,India,Bangladesh,3,0,32,1,10.66
47,Jasprit Bumrah,India,Bangladesh,4,0,13,2,3.25
47,Kuldeep Yadav,India,Bangladesh,4,0,19,3,4.75
47,Ravindra Jadeja,India,Bangladesh,3,0,24,0,8
48,Azmatullah Omarzai,Afghanistan,Australia,1.2,0,10,1,7.5
48,Fazalhaq Farooqi,Afghanistan,Australia,3,0,21,0,7
48,Gulbadin Naib,Afghanistan,Australia,4,0,20,4,5
48,Mohammad Nabi,Afghanistan,Australia,1,0,1,1,1
48,Nangeyalia Kharote,Afghanistan,Australia,1,0,13,0,13
48,Naveen-ul-Haq,Afghanistan,Australia,4,0,20,3,5
48,Noor Ahmad,Afghanistan,Australia,1,0,11,0,11
48,Rashid Khan,Afghanistan,Australia,4,0,23,1,5.75
48,Adam Zampa,Australia,Afghanistan,4,0,28,2,7
48,Ashton Agar,Australia,Afghanistan,4,1,17,0,4.25
48,Glenn Maxwell,Australia,Afghanistan,2,0,12,0,6
48,Josh Hazlewood,Australia,Afghanistan,4,0,39,0,9.75
48,Marcus Stoinis,Australia,Afghanistan,2,0,19,1,9.5
48,Pat Cummins,Australia,Afghanistan,4,0,28,3,7
49,Adil Rashid,England,United States of America,4,0,13,2,3.25
49,Chris Jordan,England,United States of America,2.5,0,10,4,3.52
49,Jofra Archer,England,United States of America,3,0,16,0,5.33
49,Liam Livingstone,England,United States of America,4,0,24,1,6
49,Reece Topley,England,United States of America,3,0,29,1,9.66
49,Sam Curran,England,United States of America,2,0,23,2,11.5
49,Ali Khan,United States of America,England,2,0,26,0,13
49,Harmeet Singh,United States of America,England,2,0,36,0,18
49,Nosthush Kenjige,United States of America,England,2,0,19,0,9.5
49,Saurabh Netravalkar,United States of America,England,2,0,21,0,10.5
49,Shadley van Schalkwyk,United States of America,England,1.4,0,15,0,9
50,Aiden Markram,South Africa,West Indies,4,0,28,1,7
50,Anrich Nortje,South Africa,West Indies,4,0,26,0,6.5
50,Kagiso Rabada,South Africa,West Indies,2,0,11,1,5.5
50,Keshav Maharaj,South Africa,West Indies,4,0,24,1,6
50,Marco Jansen,South Africa,West Indies,2,0,17,1,8.5
50,Tabraiz Shamsi,South Africa,West Indies,4,0,27,3,6.75
50,Akeal Hosein,West Indies,South Africa,3,0,31,0,10.33
50,Alzarri Joseph,West Indies,South Africa,4,0,25,2,6.25
50,Andre Russell,West Indies,South Africa,4,0,19,2,4.75
50,Gudakesh Motie,West Indies,South Africa,1,0,20,0,20
50,Obed McCoy,West Indies,South Africa,1.1,0,15,0,12.85
50,Roston Chase,West Indies,South Africa,3,0,12,3,4
51,Adam Zampa,Australia,India,4,0,41,0,10.25
51,Josh Hazlewood,Australia,India,4,0,14,1,3.5
51,Marcus Stoinis,Australia,India,4,0,56,2,14
51,Mitchell Starc,Australia,India,4,0,45,2,11.25
51,Pat Cummins,Australia,India,4,0,48,0,12
51,Arshdeep Singh,India,Australia,4,0,37,3,9.25
51,Axar Patel,India,Australia,3,0,21,1,7
51,Hardik Pandya,India,Australia,4,0,47,0,11.75
51,Jasprit Bumrah,India,Australia,4,0,29,1,7.25
51,Kuldeep Yadav,India,Australia,4,0,24,2,6
51,Ravindra Jadeja,India,Australia,1,0,17,0,17
52,Fazalhaq Farooqi,Afghanistan,Bangladesh,2,0,15,1,7.5
52,Gulbadin Naib,Afghanistan,Bangladesh,2,0,5,1,2.5
52,Mohammad Nabi,Afghanistan,Bangladesh,2,0,15,0,7.5
52,Naveen-ul-Haq,Afghanistan,Bangladesh,3.5,0,26,4,6.78
52,Noor Ahmad,Afghanistan,Bangladesh,4,0,13,0,3.25
52,Rashid Khan,Afghanistan,Bangladesh,4,0,23,4,5.75
52,Mustafizur Rahman,Bangladesh,Afghanistan,4,0,17,1,4.25
52,Rishad Hossain,Bangladesh,Afghanistan,4,0,26,3,6.5
52,Shakib Al Hasan,Bangladesh,Afghanistan,4,0,19,0,4.75
52,Tanzim Hasan Sakib,Bangladesh,Afghanistan,4,0,36,0,9
52,Taskin Ahmed,Bangladesh,Afghanistan,4,1,12,1,3
53,Azmatullah Omarzai,Afghanistan,South Africa,1.5,0,18,0,9.81
53,Fazalhaq Farooqi,Afghanistan,South Africa,2,0,11,1,5.5
53,Gulbadin Naib,Afghanistan,South Africa,1,0,8,0,8
53,Naveen-ul-Haq,Afghanistan,South Africa,3,0,15,0,5
53,Anrich Nortje,South Africa,Afghanistan,3,0,7,2,2.33
53,Kagiso Rabada,South Africa,Afghanistan,3,1,14,2,4.66
53,Keshav Maharaj,South Africa,Afghanistan,1,0,6,0,6
53,Marco Jansen,South Africa,Afghanistan,3,0,16,3,5.33
53,Tabraiz Shamsi,South Africa,Afghanistan,1.5,0,6,3,3.27
54,Reece Topley,England,India,3,0,25,1,8.33
54,Jofra Archer,England,India,4,0,33,1,8.25
54,Sam Curran,England,India,2,0,25,1,12.5
54,Adil Rashid,England,India,4,0,25,1,6.25
54,Chris Jordan,England,India,3,0,37,3,12.33
54,Liam Livingstone,England,India,4,0,24,0,6
54,Arshdeep Singh,India,England,2,0,17,0,8.5
54,Jasprit Bumrah,India,England,2.4,0,12,2,4.5
54,Axar Patel,India,England,4,0,23,3,5.75
54,Kuldeep Yadav,India,England,4,0,19,3,4.75
54,Ravindra Jadeja,India,England,3,0,16,0,5.33
54,Hardik Pandya,India,England,1,0,14,0,14
55,Arshdeep Singh,India,South Africa,4,0,20,2,5
55,Axar Patel,India,South Africa,4,0,49,1,12.25
55,Hardik Pandya,India,South Africa,3,0,20,3,6.66
55,Jasprit Bumrah,India,South Africa,4,0,18,2,4.5
55,Kuldeep Yadav,India,South Africa,4,0,45,0,11.25
55,Ravindra Jadeja,India,South Africa,1,0,12,0,12
55,Aiden Markram,South Africa,India,2,0,16,0,8
55,Anrich Nortje,South Africa,India,4,0,26,2,6.5
55,Kagiso Rabada,South Africa,India,4,0,36,1,9
55,Keshav Maharaj,South Africa,India,3,0,23,2,7.66
55,Marco Jansen,South Africa,India,4,0,49,1,12.25
55,Tabraiz Shamsi,South Africa,India,3,0,26,0,8.66
