match_no,team,player,runs,balls,fours,sixes,strike_rate,out_status
1,Canada,Navneet Dhaliwal,61,44,6,3,138.63,c Jasdeep Singh b Anderson
1,Canada,Nicholas Kirton,51,31,3,2,164.51,c Anderson b Ali Khan
1,Canada,Shreyas Movva,32,16,2,2,200,not out
1,Canada,Aaron Johnson,23,16,5,0,143.75,c Kumar b Harmeet Singh
1,Canada,Dilpreet Bajwa,11,5,1,1,220,run out (Taylor/†Patel)
1,Canada,Pargat Singh,5,7,0,0,71.42,run out (Jasdeep Singh/†Patel)
1,Canada,Dilon Heyliger,1,1,0,0,100,not out
1,U.S.A.,Aaron Jones,94,40,4,10,235,not out
1,U.S.A.,Andries Gous,65,46,7,3,141.3,c Johnson b Dutta
1,U.S.A.,Monank Patel,16,16,2,0,100,c †Movva b Heyliger
1,U.S.A.,Corey Anderson,3,5,0,0,60,not out
1,U.S.A.,Steven Taylor,0,2,0,0,0,lbw b Kaleem Sana
2,P.N.G.,Sese Bau,50,43,6,1,116.27,b Joseph
2,P.N.G.,Kiplin Doriga,27,18,3,0,150,not out
2,P.N.G.,Assad Vala,21,22,2,1,95.45,c Chase b Joseph
2,P.N.G.,Charles Amini,12,14,0,0,85.71,c †Pooran b Russell
2,P.N.G.,Chad Soper,10,9,1,0,111.11,b Russell
2,P.N.G.,Tony Ura,2,5,0,0,40,c †Pooran b Shepherd
2,P.N.G.,Hiri Hiri,2,6,0,0,33.33,c Powell b Motie
2,P.N.G.,Kabua Morea,2,2,0,0,100,not out
2,P.N.G.,Lega Siaka,1,2,0,0,50,b Hosein
2,P.N.G.,Alei Nao,0,0,0,0,0,run out (Joseph)
2,West Indies,Roston Chase,42,27,4,2,155.55,not out
2,West Indies,Brandon King,34,29,7,0,117.24,c Siaka b Vala
2,West Indies,Nicholas Pooran,27,27,1,2,100,c Ura b Kariko
2,West Indies,Rovman Powell,15,14,2,0,107.14,c †Doriga b Soper
2,West Indies,Andre Russell,15,9,0,1,166.66,not out
2,West Indies,Sherfane Rutherford,2,7,0,0,28.57,c †Doriga b Vala
2,West Indies,Johnson Charles,0,1,0,0,0,lbw b Nao
3,Namibia,Jan Frylinck,45,48,6,0,93.75,b Mehran Khan
3,Namibia,Nikolaas Davin,24,31,2,1,77.41,c Mohammad Nadeem b Aqib Ilyas
3,Namibia,Gerhard Erasmus,13,16,1,0,81.25,c Zeeshan Maqsood b Ayaan Khan
3,Namibia,David Wiese,9,8,0,1,112.5,not out
3,Namibia,JJ Smit,8,12,1,0,66.66,c Ayaan Khan b Mehran Khan
3,Namibia,Malan Kruger,1,1,0,0,100,not out
3,Namibia,Michael van Lingen,0,2,0,0,0,b Bilal Khan
3,Namibia,Zane Green,0,2,0,0,0,lbw b Mehran Khan
3,Oman,Khalid Kail,34,39,1,1,87.17,c & b Wiese
3,Oman,Zeeshan Maqsood,22,20,4,0,110,lbw b Scholtz
3,Oman,Ayaan Khan,15,21,0,1,71.42,c Frylinck b Erasmus
3,Oman,Shakeel Ahmed,11,9,2,0,122.22,c Trumpelmann b Wiese
3,Oman,Mehran Khan,7,8,1,0,87.5,lbw b Wiese
3,Oman,Naseem Khushi,6,6,1,0,100,c Erasmus b Trumpelmann
3,Oman,Mohammad Nadeem,6,10,0,0,60,lbw b Erasmus
3,Oman,Kaleemullah,2,3,0,0,66.66,lbw b Trumpelmann
3,Oman,Bilal Khan,1,1,0,0,100,not out
3,Oman,Kashyap Prajapati,0,1,0,0,0,lbw b Trumpelmann
3,Oman,Aqib Ilyas,0,1,0,0,0,lbw b Trumpelmann
4,South Africa,Quinton de Kock,20,27,0,1,74.07,c & b Hasaranga
4,South Africa,Heinrich Klaasen,19,22,1,1,86.36,not out
4,South Africa,Tristan Stubbs,13,28,0,0,46.42,c Asalanka b Hasaranga
4,South Africa,Aiden Markram,12,14,0,1,85.71,c PHKD Mendis b Shanaka
4,South Africa,David Miller,6,6,1,0,100,not out
4,South Africa,Reeza Hendricks,4,2,1,0,200,c PHKD Mendis b Thushara
4,Sri Lanka,Kusal Mendis,19,30,1,0,63.33,c Stubbs b Nortje
4,Sri Lanka,Angelo Mathews,16,16,0,2,100,c Baartman b Nortje
4,Sri Lanka,Kamindu Mendis,11,15,1,0,73.33,c Hendricks b Nortje
4,Sri Lanka,Dasun Shanaka,9,10,0,1,90,b Rabada
4,Sri Lanka,Maheesh Theekshana,7,16,1,0,43.75,not out
4,Sri Lanka,Charith Asalanka,6,9,0,0,66.66,c Hendricks b Nortje
4,Sri Lanka,Pathum Nissanka,3,8,0,0,37.5,c Klaasen b Baartman
4,Sri Lanka,Wanindu Hasaranga,0,2,0,0,0,st †de Kock b Maharaj
4,Sri Lanka,Sadeera Samarawickrama,0,1,0,0,0,b Maharaj
4,Sri Lanka,Matheesha Pathirana,0,4,0,0,0,c Markram b Rabada
4,Sri Lanka,Nuwan Thushara,0,4,0,0,0,run out (Nortje/Jansen)
5,Afghanistan,Rahmanullah Gurbaz,76,45,4,4,168.88,c Riazat Ali Shah b Ramjani
5,Afghanistan,Ibrahim Zadran,70,46,9,1,152.17,b Masaba
5,Afghanistan,Mohammad Nabi,14,16,0,0,87.5,not out
5,Afghanistan,Azmatullah Omarzai,5,5,0,0,100,c Ramjani b Kyewuta
5,Afghanistan,Gulbadin Naib,4,5,0,0,80,c Masaba b Kyewuta
5,Afghanistan,Najibullah Zadran,2,3,0,0,66.66,c Nakrani b Masaba
5,Afghanistan,Rashid Khan,2,1,0,0,200,not out
5,Uganda,Robinson Obuya,14,25,0,1,56,c †Rahmanullah Gurbaz b Fazalhaq Farooqi
5,Uganda,Riazat Ali Shah,11,34,0,0,32.35,b Fazalhaq Farooqi
5,Uganda,Bilal Hassan,8,16,1,0,50,lbw b Rashid Khan
5,Uganda,Dinesh Nakrani,6,8,1,0,75,b Naveen-ul-Haq
5,Uganda,Ronak Patel,4,2,1,0,200,b Fazalhaq Farooqi
5,Uganda,Simon Ssesazi,4,4,1,0,100,c Fazalhaq Farooqi b Mujeeb Ur Rahman
5,Uganda,Cosmas Kyewuta,2,2,0,0,100,not out
5,Uganda,Roger Mukasa,0,1,0,0,0,lbw b Fazalhaq Farooqi
5,Uganda,Alpesh Ramjani,0,2,0,0,0,c Gulbadin Naib b Naveen-ul-Haq
5,Uganda,Brian Masaba,0,1,0,0,0,c †Rahmanullah Gurbaz b Fazalhaq Farooqi
5,Uganda,Henry Ssenyondo,0,1,0,0,0,b Rashid Khan
6,Scotland,Michael Jones,45,30,4,2,150,not out
6,Scotland,George Munsey,41,31,4,2,132.25,not out
7,Nepal,Rohit Paudel,35,37,5,0,94.59,c O'Dowd b Pringle
7,Nepal,Karan KC,17,12,0,2,141.66,c Kingma b de Leede
7,Nepal,Gulsan Jha,14,15,0,1,93.33,b van Beek
7,Nepal,Anil Sah,11,12,2,0,91.66,c van Beek b Pringle
7,Nepal,Kushal Malla,9,9,1,0,100,c O'Dowd b van Meekeren
7,Nepal,Kushal Bhurtel,7,10,1,0,70,lbw b van Beek
7,Nepal,Aasif Sheikh,4,8,1,0,50,c Kingma b Pringle
7,Nepal,Dipendra Singh Airee,1,6,0,0,16.66,c van Beek b de Leede
7,Nepal,Sompal Kami,0,5,0,0,0,b van Meekeren
7,Nepal,Sagar Dhakal,0,1,0,0,0,not out
7,Nepal,Abinash Bohara,0,1,0,0,0,c & b van Beek
7,Netherlands,Max O'Dowd,54,48,4,1,112.5,not out
7,Netherlands,Vikramjit Singh,22,28,4,0,78.57,lbw b Airee
7,Netherlands,Sybrand Engelbrecht,14,16,1,0,87.5,run out (Sompal Kami)
7,Netherlands,Bas de Leede,11,10,1,0,110,not out
7,Netherlands,Scott Edwards,5,8,0,0,62.5,b Bohara
7,Netherlands,Michael Levitt,1,3,0,0,33.33,c Airee b Sompal Kami
8,India,Rohit Sharma,52,37,4,3,140.54,retired hurt
8,India,Rishabh Pant,36,26,3,2,138.46,not out
8,India,Suryakumar Yadav,2,4,0,0,50,c Dockrell b White
8,India,Virat Kohli,1,5,0,0,20,c White b Adair
8,India,Shivam Dube,0,2,0,0,0,not out
8,Ireland,Gareth Delany,26,14,2,2,185.71,run out (Mohammed Siraj/†Pant)
8,Ireland,Josh Little,14,13,2,0,107.69,b Bumrah
8,Ireland,Curtis Campher,12,8,1,1,150,c †Pant b Pandya
8,Ireland,Lorcan Tucker,10,13,2,0,76.92,b Pandya
8,Ireland,Andy Balbirnie,5,10,1,0,50,b Arshdeep Singh
8,Ireland,Harry Tector,4,16,0,0,25,c Kohli b Bumrah
8,Ireland,George Dockrell,3,5,0,0,60,c Bumrah b Mohammed Siraj
8,Ireland,Mark Adair,3,2,0,0,150,c Dube b Pandya
8,Ireland,Paul Stirling,2,6,0,0,33.33,c †Pant b Arshdeep Singh
8,Ireland,Ben White,2,4,0,0,50,not out
8,Ireland,Barry McCarthy,0,6,0,0,0,c & b Patel
9,P.N.G.,Hiri Hiri,15,19,2,0,78.94,lbw b Nsubuga
9,P.N.G.,Lega Siaka,12,17,1,0,70.58,run out (Kyewuta/†Ssesazi)
9,P.N.G.,Kiplin Doriga,12,20,0,1,60,lbw b Ramjani
9,P.N.G.,Sese Bau,5,9,1,0,55.55,c Mukasa b Miyagi
9,P.N.G.,Charles Amini,5,14,0,0,35.71,b Nsubuga
9,P.N.G.,Norman Vanua,5,10,0,0,50,c †Ssesazi b Kyewuta
9,P.N.G.,Alei Nao,5,6,0,0,83.33,b Miyagi
9,P.N.G.,Chad Soper,4,11,0,0,36.36,b Masaba
9,P.N.G.,Tony Ura,2,6,0,0,33.33,c Mukasa b Kyewuta
9,P.N.G.,Assad Vala,0,2,0,0,0,lbw b Ramjani
9,P.N.G.,John Kariko,0,2,0,0,0,not out
9,Uganda,Riazat Ali Shah,33,56,1,0,58.92,c Kariko b Vanua
9,Uganda,Juma Miyagi,13,16,0,0,81.25,run out (Vanua/Nao)
9,Uganda,Alpesh Ramjani,8,10,1,0,80,b Soper
9,Uganda,Kenneth Waiswa,7,16,0,0,43.75,not out
9,Uganda,Simon Ssesazi,1,3,0,0,33.33,lbw b Nao
9,Uganda,Robinson Obuya,1,2,0,0,50,c Vala b Vanua
9,Uganda,Roger Mukasa,0,3,0,0,0,lbw b Nao
9,Uganda,Dinesh Nakrani,0,3,0,0,0,c & b Vala
9,Uganda,Brian Masaba,0,1,0,0,0,not out
10,Australia,Marcus Stoinis,67,36,2,6,186.11,not out
10,Australia,David Warner,56,51,6,1,109.8,c Shoaib Khan b Kaleemullah
10,Australia,Mitchell Marsh,14,21,2,0,66.66,c Shoaib Khan b Mehran Khan
10,Australia,Travis Head,12,10,2,0,120,c Khalid Kail b Bilal Khan
10,Australia,Tim David,9,4,2,0,225,run out (Ayaan Khan/†Athavale)
10,Australia,Glenn Maxwell,0,1,0,0,0,c Aqib Ilyas b Mehran Khan
10,Oman,Ayaan Khan,36,30,2,2,120,c Hazlewood b Zampa
10,Oman,Mehran Khan,27,16,1,2,168.75,c David b Stoinis
10,Oman,Aqib Ilyas,18,18,2,1,100,c †Wade b Stoinis
10,Oman,Shakeel Ahmed,11,10,1,0,110,c Warner b Ellis
10,Oman,Khalid Kail,8,12,1,0,66.66,c Maxwell b Starc
10,Oman,Kashyap Prajapati,7,16,1,0,43.75,lbw b Ellis
10,Oman,Kaleemullah,6,4,0,0,150,not out
10,Oman,Zeeshan Maqsood,1,7,0,0,14.28,c †Wade b Stoinis
10,Oman,Bilal Khan,1,2,0,0,50,not out
10,Oman,Pratik Athavale,0,1,0,0,0,lbw b Starc
10,Oman,Shoaib Khan,0,4,0,0,0,b Zampa
11,Pakistan,Babar Azam,44,43,3,2,102.32,lbw b Jasdeep Singh
11,Pakistan,Shadab Khan,40,25,1,3,160,c Netravalkar b Kenjige
11,Pakistan,Shaheen Shah Afridi,23,16,1,2,143.75,not out
11,Pakistan,Iftikhar Ahmed,18,14,3,0,128.57,lbw b Netravalkar
11,Pakistan,Fakhar Zaman,11,7,0,1,157.14,c Taylor b Ali Khan
11,Pakistan,Mohammad Rizwan,9,8,0,1,112.5,c Taylor b Netravalkar
11,Pakistan,Usman Khan,3,3,0,0,100,c Kumar b Kenjige
11,Pakistan,Haris Rauf,3,3,0,0,100,not out
11,Pakistan,Azam Khan,0,1,0,0,0,lbw b Kenjige
11,U.S.A.,Monank Patel,50,38,7,1,131.57,c Mohammad Rizwan b Mohammad Amir
11,U.S.A.,Aaron Jones,36,26,2,2,138.46,not out
11,U.S.A.,Andries Gous,35,26,5,1,134.61,b Haris Rauf
11,U.S.A.,Nitish Kumar,14,14,1,0,100,not out
11,U.S.A.,Steven Taylor,12,16,1,0,75,c Mohammad Rizwan b Naseem Shah
12,Namibia,Gerhard Erasmus,52,31,5,2,167.74,st †Cross b Leask
12,Namibia,Zane Green,28,27,1,1,103.7,c Jones b Wheal
12,Namibia,Nikolaas Davin,20,12,4,0,166.66,c Currie b Sole
12,Namibia,David Wiese,14,13,0,1,107.69,c Watt b Wheal
12,Namibia,Jan Frylinck,12,14,2,0,85.71,b Currie
12,Namibia,JJ Smit,11,8,0,1,137.5,run out (Jones/Wheal)
12,Namibia,Bernard Scholtz,6,4,0,0,150,not out
12,Namibia,Malan Kruger,2,8,0,0,25,c Jones b Greaves
12,Namibia,Ruben Trumpelmann,1,2,0,0,50,c Wheal b Currie
12,Namibia,JP Kotze,0,3,0,0,0,c McMullen b Wheal
12,Namibia,Tangeni Lungameni,0,0,0,0,0,not out
12,Scotland,Richie Berrington,47,35,2,2,134.28,not out
12,Scotland,Michael Leask,35,17,0,4,205.88,c Wiese b Trumpelmann
12,Scotland,Michael Jones,26,20,3,1,130,c †Green b Erasmus
12,Scotland,Brandon McMullen,19,17,2,0,111.76,st †Green b Erasmus
12,Scotland,George Munsey,7,15,0,0,46.66,c Wiese b Lungameni
12,Scotland,Chris Greaves,4,3,0,0,133.33,not out
12,Scotland,Matthew Cross,3,5,0,0,60,lbw b Scholtz
13,Canada,Nicholas Kirton,49,35,3,2,140,c Balbirnie b McCarthy
13,Canada,Shreyas Movva,37,36,3,0,102.77,run out (McCarthy/†Tucker)
13,Canada,Pargat Singh,18,14,2,0,128.57,c Little b Young
13,Canada,Aaron Johnson,14,13,3,0,107.69,c Campher b Young
13,Canada,Dilpreet Bajwa,7,9,1,0,77.77,c & b Delany
13,Canada,Navneet Dhaliwal,6,10,1,0,60,c Dockrell b Adair
13,Canada,Saad Bin Zafar,1,1,0,0,100,not out
13,Canada,Dilon Heyliger,0,2,0,0,0,c Little b McCarthy
13,Ireland,Mark Adair,34,24,3,1,141.66,c & b Gordon
13,Ireland,George Dockrell,30,23,2,1,130.43,not out
13,Ireland,Andy Balbirnie,17,19,1,0,89.47,c & b Junaid Siddiqui
13,Ireland,Lorcan Tucker,10,15,0,0,66.66,run out (Kirton/Saad Bin Zafar)
13,Ireland,Paul Stirling,9,17,1,0,52.94,c †Movva b Gordon
13,Ireland,Harry Tector,7,5,0,0,140,b Saad Bin Zafar
13,Ireland,Curtis Campher,4,7,0,0,57.14,c Johnson b Heyliger
13,Ireland,Gareth Delany,3,7,0,0,42.85,c †Movva b Heyliger
13,Ireland,Barry McCarthy,2,3,0,0,66.66,not out
14,Afghanistan,Rahmanullah Gurbaz,80,56,5,5,142.85,b Boult
14,Afghanistan,Ibrahim Zadran,44,41,3,2,107.31,b Henry
14,Afghanistan,Azmatullah Omarzai,22,13,1,2,169.23,c Ferguson b Henry
14,Afghanistan,Rashid Khan,6,5,1,0,120,run out (†Conway/Boult)
14,Afghanistan,Karim Janat,1,1,0,0,100,not out
14,Afghanistan,Najibullah Zadran,1,1,0,0,100,not out
14,Afghanistan,Mohammad Nabi,0,1,0,0,0,c Williamson b Ferguson
14,Afghanistan,Gulbadin Naib,0,2,0,0,0,c Phillips b Boult
14,New Zealand,Glenn Phillips,18,18,2,0,100,c Rashid Khan b Mohammad Nabi
14,New Zealand,Matt Henry,12,17,0,1,70.58,c Karim Janat b Fazalhaq Farooqi
14,New Zealand,Kane Williamson,9,13,1,0,69.23,c Gulbadin Naib b Rashid Khan
14,New Zealand,Devon Conway,8,10,1,0,80,c Ibrahim Zadran b Fazalhaq Farooqi
14,New Zealand,Daryl Mitchell,5,5,1,0,100,c †Rahmanullah Gurbaz b Fazalhaq Farooqi
14,New Zealand,Mark Chapman,4,7,0,0,57.14,b Rashid Khan
14,New Zealand,Mitchell Santner,4,8,0,0,50,b Mohammad Nabi
14,New Zealand,Trent Boult,3,7,0,0,42.85,not out
14,New Zealand,Lockie Ferguson,2,5,0,0,40,c & b Rashid Khan
14,New Zealand,Finn Allen,0,1,0,0,0,b Fazalhaq Farooqi
14,New Zealand,Michael Bracewell,0,1,0,0,0,lbw b Rashid Khan
15,Bangladesh,Towhid Hridoy,40,20,1,4,200,lbw b Hasaranga
15,Bangladesh,Litton Das,36,38,2,1,94.73,lbw b Hasaranga
15,Bangladesh,Mahmudullah,16,13,0,1,123.07,not out
15,Bangladesh,Shakib Al Hasan,8,14,0,0,57.14,c Theekshana b Pathirana
15,Bangladesh,Najmul Hossain Shanto,7,13,0,0,53.84,c Asalanka b Thushara
15,Bangladesh,Tanzid Hasan,3,6,0,0,50,b Thushara
15,Bangladesh,Rishad Hossain,1,3,0,0,33.33,b Thushara
15,Bangladesh,Tanzim Hasan Sakib,1,4,0,0,25,not out
15,Bangladesh,Soumya Sarkar,0,2,0,0,0,c Hasaranga b de Silva
15,Bangladesh,Taskin Ahmed,0,1,0,0,0,lbw b Thushara
15,Sri Lanka,Pathum Nissanka,47,28,7,1,167.85,c Najmul Hossain Shanto b Mustafizur Rahman
15,Sri Lanka,Dhananjaya de Silva,21,26,1,0,80.76,st †Litton Das b Rishad Hossain
15,Sri Lanka,Charith Asalanka,19,21,0,1,90.47,c Shakib Al Hasan b Rishad Hossain
15,Sri Lanka,Angelo Mathews,16,19,1,0,84.21,c Mustafizur Rahman b Tanzim Hasan Sakib
15,Sri Lanka,Kusal Mendis,10,8,2,0,125,b Taskin Ahmed
15,Sri Lanka,Kamindu Mendis,4,5,1,0,80,c Tanzim Hasan Sakib b Mustafizur Rahman
15,Sri Lanka,Dasun Shanaka,3,7,0,0,42.85,c †Litton Das b Taskin Ahmed
15,Sri Lanka,Wanindu Hasaranga,0,1,0,0,0,c Soumya Sarkar b Rishad Hossain
15,Sri Lanka,Maheesh Theekshana,0,3,0,0,0,c Tanzim Hasan Sakib b Mustafizur Rahman
15,Sri Lanka,Matheesha Pathirana,0,1,0,0,0,not out
15,Sri Lanka,Nuwan Thushara,0,1,0,0,0,not out
16,Netherlands,Sybrand Engelbrecht,40,45,2,1,88.88,c Jansen b Baartman
16,Netherlands,Logan van Beek,23,22,3,0,104.54,c Nortje b Baartman
16,Netherlands,Vikramjit Singh,12,17,1,0,70.58,b Jansen
16,Netherlands,Scott Edwards,10,9,0,1,111.11,run out (Markram)
16,Netherlands,Bas de Leede,6,16,0,0,37.5,c Miller b Nortje
16,Netherlands,Max O'Dowd,2,6,0,0,33.33,c Jansen b Baartman
16,Netherlands,Paul van Meekeren,1,1,0,0,100,not out
16,Netherlands,Michael Levitt,0,3,0,0,0,c †de Kock b Jansen
16,Netherlands,Teja Nidamanuru,0,1,0,0,0,c Klaasen b Nortje
16,Netherlands,Tim Pringle,0,2,0,0,0,c Markram b Baartman
16,South Africa,David Miller,59,51,3,4,115.68,not out
16,South Africa,Tristan Stubbs,33,37,1,1,89.18,c van Beek b de Leede
16,South Africa,Heinrich Klaasen,4,7,0,0,57.14,c Pringle b Kingma
16,South Africa,Reeza Hendricks,3,10,0,0,30,b van Beek
16,South Africa,Marco Jansen,3,5,0,0,60,b van Beek
16,South Africa,Quinton de Kock,0,0,0,0,0,run out (van Meekeren/O'Dowd)
16,South Africa,Aiden Markram,0,3,0,0,0,c †Edwards b Kingma
16,South Africa,Keshav Maharaj,0,1,0,0,0,not out
17,Australia,David Warner,39,16,2,4,243.75,b Ali
17,Australia,Mitchell Marsh,35,25,2,2,140,st †Buttler b Livingstone
17,Australia,Travis Head,34,18,2,3,188.88,b Archer
17,Australia,Marcus Stoinis,30,17,2,2,176.47,c Brook b Jordan
17,Australia,Glenn Maxwell,28,25,3,1,112,c Salt b Rashid
17,Australia,Matthew Wade,17,10,3,0,170,not out
17,Australia,Tim David,11,8,0,1,137.5,c Livingstone b Jordan
17,Australia,Pat Cummins,0,1,0,0,0,run out (†Buttler/Jordan)
17,Australia,Mitchell Starc,0,0,0,0,0,not out
17,England,Jos Buttler,42,28,5,2,150,c Cummins b Zampa
17,England,Phil Salt,37,23,4,2,160.86,b Zampa
17,England,Moeen Ali,25,15,0,3,166.66,c Warner b Cummins
17,England,Harry Brook,20,16,2,0,125,not out
17,England,Liam Livingstone,15,12,0,1,125,c Starc b Cummins
17,England,Will Jacks,10,10,1,0,100,c Starc b Stoinis
17,England,Jonny Bairstow,7,13,0,0,53.84,c Maxwell b Hazlewood
17,England,Chris Jordan,1,3,0,0,33.33,not out
18,Uganda,Juma Miyagi,13,20,0,0,65,not out
18,Uganda,Robinson Obuya,6,8,1,0,75,b Russell
18,Uganda,Alpesh Ramjani,5,6,1,0,83.33,lbw b Hosein
18,Uganda,Simon Ssesazi,4,3,1,0,133.33,c Joseph b Shepherd
18,Uganda,Riazat Ali Shah,3,8,0,0,37.5,b Hosein
18,Uganda,Kenneth Waiswa,1,10,0,0,10,lbw b Hosein
18,Uganda,Brian Masaba,1,4,0,0,25,c †Pooran b Joseph
18,Uganda,Cosmas Kyewuta,1,6,0,0,16.66,lbw b Motie
18,Uganda,Roger Mukasa,0,2,0,0,0,lbw b Hosein
18,Uganda,Dinesh Nakrani,0,2,0,0,0,b Hosein
18,Uganda,Frank Nsubuga,0,3,0,0,0,b Joseph
18,West Indies,Johnson Charles,44,42,4,2,104.76,c Ramjani b Nakrani
18,West Indies,Andre Russell,30,17,6,0,176.47,not out
18,West Indies,Rovman Powell,23,18,1,1,127.77,c Obuya b Masaba
18,West Indies,Nicholas Pooran,22,17,0,3,129.41,c & b Masaba
18,West Indies,Sherfane Rutherford,22,16,2,1,137.5,b Kyewuta
18,West Indies,Brandon King,13,8,2,0,162.5,b Ramjani
18,West Indies,Romario Shepherd,5,5,0,0,100,not out
19,India,Rishabh Pant,42,31,6,0,135.48,c Babar Azam b Mohammad Amir
19,India,Axar Patel,20,18,2,1,111.11,b Naseem Shah
19,India,Rohit Sharma,13,12,1,1,108.33,c Haris Rauf b Shaheen Shah Afridi
19,India,Arshdeep Singh,9,13,1,0,69.23,run out (Babar Azam/†Mohammad Rizwan)
19,India,Suryakumar Yadav,7,8,1,0,87.5,c Mohammad Amir b Haris Rauf
19,India,Hardik Pandya,7,12,1,0,58.33,c Iftikhar Ahmed b Haris Rauf
19,India,Mohammed Siraj,7,7,0,0,100,not out
19,India,Virat Kohli,4,3,1,0,133.33,c Usman Khan b Naseem Shah
19,India,Shivam Dube,3,9,0,0,33.33,c & b Naseem Shah
19,India,Ravindra Jadeja,0,1,0,0,0,c Imad Wasim b Mohammad Amir
19,India,Jasprit Bumrah,0,1,0,0,0,c Imad Wasim b Haris Rauf
19,Pakistan,Mohammad Rizwan,31,44,1,1,70.45,b Bumrah
19,Pakistan,Imad Wasim,15,23,1,0,65.21,c †Pant b Arshdeep Singh
19,Pakistan,Babar Azam,13,10,2,0,130,c Yadav b Bumrah
19,Pakistan,Usman Khan,13,15,1,0,86.66,lbw b Patel
19,Pakistan,Fakhar Zaman,13,8,1,1,162.5,c †Pant b Pandya
19,Pakistan,Naseem Shah,10,4,2,0,250,not out
19,Pakistan,Iftikhar Ahmed,5,9,0,0,55.55,c Arshdeep Singh b Bumrah
19,Pakistan,Shadab Khan,4,7,0,0,57.14,c †Pant b Pandya
19,Pakistan,Shaheen Shah Afridi,0,1,0,0,0,not out
20,Oman,Pratik Athavale,54,40,5,2,135,c McMullen b Greaves
20,Oman,Ayaan Khan,41,39,4,0,105.12,not out
20,Oman,Aqib Ilyas,16,6,2,1,266.66,lbw b Sharif
20,Oman,Mehran Khan,13,10,2,0,130,c †Cross b Sharif
20,Oman,Naseem Khushi,10,9,0,1,111.11,c Watt b Sole
20,Oman,Khalid Kail,5,7,0,0,71.42,run out (Sole/Watt)
20,Oman,Zeeshan Maqsood,3,4,0,0,75,c †Cross b Watt
20,Oman,Shakeel Ahmed,3,2,0,0,150,not out
20,Oman,Rafiullah,0,3,0,0,0,c Sharif b Wheal
20,Scotland,Brandon McMullen,61,31,9,2,196.77,not out
20,Scotland,George Munsey,41,20,2,4,205,c Shakeel Ahmed b Mehran Khan
20,Scotland,Michael Jones,16,13,1,2,123.07,c Mehran Khan b Bilal Khan
20,Scotland,Matthew Cross,15,8,0,2,187.5,not out
20,Scotland,Richie Berrington,13,7,1,1,185.71,b Aqib Ilyas
21,Bangladesh,Towhid Hridoy,37,34,2,2,108.82,lbw b Rabada
21,Bangladesh,Mahmudullah,20,27,2,0,74.07,c Markram b Maharaj
21,Bangladesh,Najmul Hossain Shanto,14,23,0,1,60.86,c Markram b Nortje
21,Bangladesh,Tanzid Hasan,9,9,2,0,100,c †de Kock b Rabada
21,Bangladesh,Litton Das,9,13,1,0,69.23,c Miller b Maharaj
21,Bangladesh,Jaker Ali,8,9,0,0,88.88,c Markram b Maharaj
21,Bangladesh,Shakib Al Hasan,3,4,0,0,75,c Markram b Nortje
21,Bangladesh,Taskin Ahmed,1,1,0,0,100,not out
21,Bangladesh,Rishad Hossain,0,1,0,0,0,not out
21,South Africa,Heinrich Klaasen,46,44,2,3,104.54,b Taskin Ahmed
21,South Africa,David Miller,29,38,1,1,76.31,b Rishad Hossain
21,South Africa,Quinton de Kock,18,11,1,2,163.63,b Tanzim Hasan Sakib
21,South Africa,Marco Jansen,5,5,0,0,100,not out
21,South Africa,Aiden Markram,4,8,1,0,50,b Taskin Ahmed
21,South Africa,Keshav Maharaj,4,8,0,0,50,not out
21,South Africa,Reeza Hendricks,0,1,0,0,0,lbw b Tanzim Hasan Sakib
21,South Africa,Tristan Stubbs,0,5,0,0,0,c Shakib Al Hasan b Tanzim Hasan Sakib
22,Canada,Aaron Johnson,52,44,4,4,118.18,b Naseem Shah
22,Canada,Kaleem Sana,13,14,0,1,92.85,not out
22,Canada,Saad Bin Zafar,10,21,1,0,47.61,c †Mohammad Rizwan b Mohammad Amir
22,Canada,Dilon Heyliger,9,11,1,0,81.81,not out
22,Canada,Navneet Dhaliwal,4,7,1,0,57.14,b Mohammad Amir
22,Canada,Pargat Singh,2,6,0,0,33.33,c Fakhar Zaman b Shaheen Shah Afridi
22,Canada,Shreyas Movva,2,9,0,0,22.22,c †Mohammad Rizwan b Haris Rauf
22,Canada,Nicholas Kirton,1,6,0,0,16.66,run out (Imad Wasim)
22,Canada,Ravinderpal Singh,0,2,0,0,0,c Fakhar Zaman b Haris Rauf
22,Pakistan,Mohammad Rizwan,53,53,2,1,100,not out
22,Pakistan,Babar Azam,33,33,1,1,100,c †Movva b Heyliger
22,Pakistan,Saim Ayub,6,12,0,0,50,c †Movva b Heyliger
22,Pakistan,Fakhar Zaman,4,6,0,0,66.66,c sub (DS Bajwa) b Gordon
22,Pakistan,Usman Khan,2,1,0,0,200,not out
24,Australia,Travis Head,34,17,5,2,200,not out
24,Australia,David Warner,20,8,3,1,250,c Trumpelmann b Wiese
24,Australia,Mitchell Marsh,18,9,3,1,200,not out
24,Namibia,Gerhard Erasmus,36,43,4,1,83.72,c Maxwell b Stoinis
24,Namibia,Michael van Lingen,10,10,2,0,100,c Maxwell b Hazlewood
24,Namibia,Ruben Trumpelmann,7,7,0,1,100,c Maxwell b Zampa
24,Namibia,JJ Smit,3,9,0,0,33.33,lbw b Ellis
24,Namibia,Nikolaas Davin,2,7,0,0,28.57,c Maxwell b Hazlewood
24,Namibia,Jack Brassell,2,3,0,0,66.66,not out
24,Namibia,Jan Frylinck,1,6,0,0,16.66,c Marsh b Cummins
24,Namibia,Zane Green,1,4,0,0,25,lbw b Zampa
24,Namibia,David Wiese,1,7,0,0,14.28,c Hazlewood b Zampa
24,Namibia,Bernard Scholtz,0,2,0,0,0,b Zampa
24,Namibia,Ben Shikongo,0,4,0,0,0,c David b Stoinis
25,India,Suryakumar Yadav,50,49,2,2,102.04,not out
25,India,Shivam Dube,31,35,1,1,88.57,not out
25,India,Rishabh Pant,18,20,1,1,90,b Ali Khan
25,India,Rohit Sharma,3,6,0,0,50,c Harmeet Singh b Netravalkar
25,India,Virat Kohli,0,1,0,0,0,c †Gous b Netravalkar
25,U.S.A.,Nitish Kumar,27,23,2,1,117.39,c Mohammed Siraj b Arshdeep Singh
25,U.S.A.,Steven Taylor,24,30,0,2,80,b Patel
25,U.S.A.,Corey Anderson,15,12,1,1,125,c †Pant b Pandya
25,U.S.A.,Aaron Jones,11,22,0,1,50,c Mohammed Siraj b Pandya
25,U.S.A.,Shadley van Schalkwyk,11,10,1,0,110,not out
25,U.S.A.,Harmeet Singh,10,10,0,1,100,c †Pant b Arshdeep Singh
25,U.S.A.,Andries Gous,2,5,0,0,40,c Pandya b Arshdeep Singh
25,U.S.A.,Jasdeep Singh,2,7,0,0,28.57,run out (†Pant/Mohammed Siraj)
25,U.S.A.,Shayan Jahangir,0,1,0,0,0,lbw b Arshdeep Singh
26,New Zealand,Glenn Phillips,40,33,3,2,121.21,c Powell b Joseph
26,New Zealand,Finn Allen,26,23,3,1,113.04,c Russell b Joseph
26,New Zealand,Mitchell Santner,21,12,0,3,175,not out
26,New Zealand,Daryl Mitchell,12,13,1,0,92.3,b Motie
26,New Zealand,Rachin Ravindra,10,13,0,0,76.92,c Russell b Motie
26,New Zealand,James Neesham,10,11,0,1,90.9,c King b Joseph
26,New Zealand,Trent Boult,7,4,0,1,175,c Chase b Russell
26,New Zealand,Devon Conway,5,8,0,0,62.5,c Chase b Hosein
26,New Zealand,Kane Williamson,1,2,0,0,50,c †Pooran b Motie
26,New Zealand,Tim Southee,0,1,0,0,0,c & b Joseph
26,New Zealand,Lockie Ferguson,0,0,0,0,0,not out
26,West Indies,Sherfane Rutherford,68,39,2,6,174.35,not out
26,West Indies,Nicholas Pooran,17,12,3,0,141.66,c †Conway b Southee
26,West Indies,Akeal Hosein,15,17,0,1,88.23,c Neesham b Santner
26,West Indies,Andre Russell,14,7,2,1,200,c Ferguson b Boult
26,West Indies,Romario Shepherd,13,13,0,1,100,lbw b Ferguson
26,West Indies,Brandon King,9,12,0,1,75,c †Conway b Neesham
26,West Indies,Alzarri Joseph,6,6,1,0,100,b Boult
26,West Indies,Rovman Powell,1,5,0,0,20,c †Conway b Southee
26,West Indies,Johnson Charles,0,5,0,0,0,b Boult
26,West Indies,Roston Chase,0,3,0,0,0,c Ravindra b Ferguson
26,West Indies,Gudakesh Motie,0,1,0,0,0,not out
27,Bangladesh,Shakib Al Hasan,64,46,9,0,139.13,not out
27,Bangladesh,Tanzid Hasan,35,26,5,1,134.61,c de Leede b van Meekeren
27,Bangladesh,Mahmudullah,25,21,2,2,119.04,c Engelbrecht b van Meekeren
27,Bangladesh,Jaker Ali,14,7,3,0,200,not out
27,Bangladesh,Towhid Hridoy,9,15,0,0,60,b Pringle
27,Bangladesh,Najmul Hossain Shanto,1,3,0,0,33.33,c Vikramjit Singh b Dutt
27,Bangladesh,Litton Das,1,2,0,0,50,c Engelbrecht b Dutt
27,Netherlands,Sybrand Engelbrecht,33,22,3,1,150,c Tanzim Hasan Sakib b Rishad Hossain
27,Netherlands,Vikramjit Singh,26,16,0,3,162.5,st †Litton Das b Mahmudullah
27,Netherlands,Scott Edwards,25,23,3,0,108.69,c Jaker Ali b Mustafizur Rahman
27,Netherlands,Michael Levitt,18,16,2,1,112.5,c Towhid Hridoy b Taskin Ahmed
27,Netherlands,Aryan Dutt,15,12,1,1,125,not out
27,Netherlands,Max O'Dowd,12,16,3,0,75,c & b Tanzim Hasan Sakib
27,Netherlands,Logan van Beek,2,3,0,0,66.66,c & b Rishad Hossain
27,Netherlands,Tim Pringle,1,10,0,0,10,b Taskin Ahmed
27,Netherlands,Bas de Leede,0,2,0,0,0,st †Litton Das b Rishad Hossain
28,England,Jos Buttler,24,8,4,1,300,not out
28,England,Phil Salt,12,3,0,2,400,b Bilal Khan
28,England,Jonny Bairstow,8,2,2,0,400,not out
28,England,Will Jacks,5,7,1,0,71.42,c Prajapati b Kaleemullah
28,Oman,Shoaib Khan,11,23,1,0,47.82,c †Buttler b Archer
28,Oman,Kashyap Prajapati,9,16,0,1,56.25,c Livingstone b Wood
28,Oman,Aqib Ilyas,8,10,1,0,80,c Jacks b Archer
28,Oman,Pratik Athavale,5,3,1,0,166.66,c Salt b Archer
28,Oman,Kaleemullah,5,5,1,0,100,b Rashid
28,Oman,Fayyaz Butt,2,7,0,0,28.57,b Rashid
28,Oman,Zeeshan Maqsood,1,5,0,0,20,c & b Wood
28,Oman,Khalid Kail,1,3,0,0,33.33,st †Buttler b Rashid
28,Oman,Ayaan Khan,1,5,0,0,20,b Wood
28,Oman,Mehran Khan,0,2,0,0,0,c Ali b Rashid
28,Oman,Bilal Khan,0,1,0,0,0,not out
29,Afghanistan,Gulbadin Naib,49,36,4,2,136.11,not out
29,Afghanistan,Mohammad Nabi,16,23,1,0,69.56,not out
29,Afghanistan,Azmatullah Omarzai,13,18,1,0,72.22,b Vanua
29,Afghanistan,Rahmanullah Gurbaz,11,7,1,1,157.14,b Nao
29,Afghanistan,Ibrahim Zadran,0,7,0,0,0,b Kamea
29,P.N.G.,Kiplin Doriga,27,32,2,0,84.37,lbw b Noor Ahmad
29,P.N.G.,Alei Nao,13,19,2,0,68.42,c Rashid Khan b Fazalhaq Farooqi
29,P.N.G.,Tony Ura,11,18,1,0,61.11,b Naveen-ul-Haq
29,P.N.G.,Chad Soper,9,26,0,0,34.61,run out (Noor Ahmad/Rashid Khan)
29,P.N.G.,John Kariko,4,7,1,0,57.14,not out
29,P.N.G.,Assad Vala,3,2,0,0,150,run out (Fazalhaq Farooqi/†Rahmanullah Gurbaz)
29,P.N.G.,Semo Kamea,2,3,0,0,66.66,run out (†Rahmanullah Gurbaz)
29,P.N.G.,Hiri Hiri,1,3,0,0,33.33,b Naveen-ul-Haq
29,P.N.G.,Lega Siaka,0,1,0,0,0,c †Rahmanullah Gurbaz b Fazalhaq Farooqi
29,P.N.G.,Sese Bau,0,1,0,0,0,c †Rahmanullah Gurbaz b Fazalhaq Farooqi
29,P.N.G.,Norman Vanua,0,7,0,0,0,run out (Rashid Khan)
31,Nepal,Aasif Sheikh,42,49,4,1,85.71,b Shamsi
31,Nepal,Anil Sah,27,24,3,1,112.5,c Jansen b Markram
31,Nepal,Kushal Bhurtel,13,21,1,1,61.9,b Shamsi
31,Nepal,Sompal Kami,8,4,0,1,200,not out
31,Nepal,Dipendra Singh Airee,6,11,0,0,54.54,c †de Kock b Shamsi
31,Nepal,Gulsan Jha,6,6,1,0,100,run out (†de Kock/Klaasen)
31,Nepal,Kushal Malla,1,3,0,0,33.33,b Nortje
31,Nepal,Rohit Paudel,0,2,0,0,0,b Shamsi
31,South Africa,Reeza Hendricks,43,49,5,1,87.75,c & b Airee
31,South Africa,Tristan Stubbs,27,18,2,1,150,not out
31,South Africa,Aiden Markram,15,22,2,0,68.18,b Bhurtel
31,South Africa,Quinton de Kock,10,11,1,0,90.9,c & b Airee
31,South Africa,David Miller,7,10,0,0,70,c Lamichhane b Airee
31,South Africa,Heinrich Klaasen,3,5,0,0,60,c Karan KC b Bhurtel
31,South Africa,Marco Jansen,1,4,0,0,25,c Sah b Bhurtel
31,South Africa,Kagiso Rabada,0,1,0,0,0,st †Aasif Sheikh b Bhurtel
32,New Zealand,Devon Conway,22,15,4,0,146.66,not out
32,New Zealand,Finn Allen,9,17,1,0,52.94,c Achelam b Riazat Ali Shah
32,New Zealand,Rachin Ravindra,1,1,0,0,100,not out
32,Uganda,Kenneth Waiswa,11,18,2,0,61.11,b Ferguson
32,Uganda,Fred Achelam,9,13,1,0,69.23,lbw b Southee
32,Uganda,Dinesh Nakrani,4,13,0,0,30.76,c Phillips b Ravindra
32,Uganda,Brian Masaba,3,20,0,0,15,not out
32,Uganda,Ronak Patel,2,20,0,0,10,c †Conway b Santner
32,Uganda,Riazat Ali Shah,2,13,0,0,15.38,c †Conway b Ravindra
32,Uganda,Cosmas Kyewuta,1,6,0,0,16.66,c Mitchell b Santner
32,Uganda,Simon Ssesazi,0,1,0,0,0,lbw b Boult
32,Uganda,Robinson Obuya,0,1,0,0,0,b Boult
32,Uganda,Alpesh Ramjani,0,6,0,0,0,lbw b Southee
32,Uganda,Juma Miyagi,0,1,0,0,0,lbw b Southee
34,England,Harry Brook,47,20,4,2,235,not out
34,England,Jonny Bairstow,31,18,3,2,172.22,c †Green b Scholtz
34,England,Moeen Ali,16,6,0,2,266.66,c Davin b Trumpelmann
34,England,Liam Livingstone,13,4,0,2,325,run out (Trumpelmann/†Green)
34,England,Phil Salt,11,8,2,0,137.5,c †Green b Wiese
34,England,Jos Buttler,0,4,0,0,0,b Trumpelmann
34,Namibia,Michael van Lingen,33,29,1,3,113.79,c Brook b Jordan
34,Namibia,David Wiese,27,12,2,2,225,c Brook b Archer
34,Namibia,Nikolaas Davin,18,16,1,1,112.5,retired out
34,Namibia,Gerhard Erasmus,1,3,0,0,33.33,not out
34,Namibia,JJ Smit,0,1,0,0,0,not out
35,Australia,Travis Head,68,49,5,4,138.77,c Jones b Sharif
35,Australia,Marcus Stoinis,59,29,9,2,203.44,b Watt
35,Australia,Tim David,24,14,2,1,171.42,not out
35,Australia,Glenn Maxwell,11,8,0,1,137.5,b Watt
35,Australia,Mitchell Marsh,8,9,1,0,88.88,c sub (C Tear) b Sharif
35,Australia,Matthew Wade,4,5,0,0,80,not out
35,Australia,David Warner,1,4,0,0,25,c Berrington b Wheal
35,Scotland,Brandon McMullen,60,34,2,6,176.47,c Starc b Zampa
35,Scotland,Richie Berrington,42,31,1,2,135.48,not out
35,Scotland,George Munsey,35,23,2,3,152.17,c Ellis b Maxwell
35,Scotland,Matthew Cross,18,11,1,1,163.63,c Agar b Maxwell
35,Scotland,Chris Greaves,9,10,0,0,90,not out
35,Scotland,Michael Leask,5,8,0,0,62.5,c Starc b Ellis
35,Scotland,Michael Jones,2,3,0,0,66.66,b Agar
36,Ireland,Gareth Delany,31,19,1,3,163.15,c Shadab Khan b Imad Wasim
36,Ireland,Josh Little,22,18,2,1,122.22,not out
36,Ireland,Mark Adair,15,19,2,0,78.94,c Shaheen Shah Afridi b Imad Wasim
36,Ireland,George Dockrell,11,10,2,0,110,c & b Mohammad Amir
36,Ireland,Curtis Campher,7,14,1,0,50,c Saim Ayub b Haris Rauf
36,Ireland,Ben White,5,20,0,0,25,not out
36,Ireland,Lorcan Tucker,2,2,0,0,100,c †Mohammad Rizwan b Shaheen Shah Afridi
36,Ireland,Barry McCarthy,2,7,0,0,28.57,b Imad Wasim
36,Ireland,Paul Stirling,1,2,0,0,50,c †Mohammad Rizwan b Mohammad Amir
36,Ireland,Andy Balbirnie,0,3,0,0,0,b Shaheen Shah Afridi
36,Ireland,Harry Tector,0,6,0,0,0,lbw b Shaheen Shah Afridi
36,Pakistan,Babar Azam,32,34,2,0,94.11,not out
36,Pakistan,Mohammad Rizwan,17,16,2,0,106.25,c Adair b McCarthy
36,Pakistan,Saim Ayub,17,17,2,1,100,c †Tucker b Adair
36,Pakistan,Abbas Afridi,17,21,1,1,80.95,c sub (GR Adair) b White
36,Pakistan,Shaheen Shah Afridi,13,5,0,2,260,not out
36,Pakistan,Fakhar Zaman,5,9,0,0,55.55,c sub (GR Adair) b Campher
36,Pakistan,Imad Wasim,4,6,1,0,66.66,c Tector b Campher
36,Pakistan,Usman Khan,2,3,0,0,66.66,c Tector b McCarthy
36,Pakistan,Shadab Khan,0,2,0,0,0,c †Tucker b McCarthy
37,Bangladesh,Shakib Al Hasan,17,22,2,0,77.27,lbw b Paudel
37,Bangladesh,Mahmudullah,13,13,2,0,100,run out (Gulsan Jha/Lamichhane)
37,Bangladesh,Rishad Hossain,13,7,1,1,185.71,c Sah b Airee
37,Bangladesh,Jaker Ali,12,26,0,0,46.15,b Lamichhane
37,Bangladesh,Taskin Ahmed,12,15,2,0,80,not out
37,Bangladesh,Litton Das,10,12,1,0,83.33,c †Aasif Sheikh b Sompal Kami
37,Bangladesh,Towhid Hridoy,9,7,2,0,128.57,c Lamichhane b Paudel
37,Bangladesh,Najmul Hossain Shanto,4,5,0,0,80,b Airee
37,Bangladesh,Tanzim Hasan Sakib,3,5,0,0,60,b Lamichhane
37,Bangladesh,Mustafizur Rahman,3,4,0,0,75,run out (Paudel/Airee)
37,Bangladesh,Tanzid Hasan,0,1,0,0,0,c & b Sompal Kami
37,Nepal,Kushal Malla,27,40,1,1,67.5,c Najmul Hossain Shanto b Mustafizur Rahman
37,Nepal,Dipendra Singh Airee,25,31,2,1,80.64,c †Litton Das b Mustafizur Rahman
37,Nepal,Aasif Sheikh,17,14,4,0,121.42,c Shakib Al Hasan b Mustafizur Rahman
37,Nepal,Kushal Bhurtel,4,8,1,0,50,b Tanzim Hasan Sakib
37,Nepal,Rohit Paudel,1,6,0,0,16.66,c Rishad Hossain b Tanzim Hasan Sakib
37,Nepal,Sundeep Jora,1,8,0,0,12.5,c Rishad Hossain b Tanzim Hasan Sakib
37,Nepal,Anil Sah,0,2,0,0,0,c Najmul Hossain Shanto b Tanzim Hasan Sakib
37,Nepal,Gulsan Jha,0,4,0,0,0,c Towhid Hridoy b Taskin Ahmed
37,Nepal,Sompal Kami,0,2,0,0,0,st †Litton Das b Shakib Al Hasan
37,Nepal,Sandeep Lamichhane,0,0,0,0,0,not out
37,Nepal,Abinash Bohara,0,1,0,0,0,lbw b Shakib Al Hasan
38,Netherlands,Michael Levitt,31,23,2,3,134.78,st †BKG Mendis b Theekshana
38,Netherlands,Scott Edwards,31,24,2,1,129.16,c Theekshana b Thushara
38,Netherlands,Max O'Dowd,11,8,0,1,137.5,c PHKD Mendis b Thushara
38,Netherlands,Sybrand Engelbrecht,11,9,0,1,122.22,c Asalanka b Pathirana
38,Netherlands,Aryan Dutt,10,8,1,0,125,b Pathirana
38,Netherlands,Vikramjit Singh,7,10,0,0,70,c PHKD Mendis b Shanaka
38,Netherlands,Bas de Leede,3,5,0,0,60,c Asalanka b Hasaranga
38,Netherlands,Paul van Meekeren,3,8,0,0,37.5,lbw b Thushara
38,Netherlands,Tim Pringle,2,4,0,0,50,st †BKG Mendis b Hasaranga
38,Netherlands,Vivian Kingma,1,1,0,0,100,not out
38,Netherlands,Logan van Beek,0,1,0,0,0,run out (†BKG Mendis)
38,Sri Lanka,Kusal Mendis,46,29,5,0,158.62,c Engelbrecht b Dutt
38,Sri Lanka,Charith Asalanka,46,21,1,5,219.04,c de Leede b van Beek
38,Sri Lanka,Dhananjaya de Silva,34,26,3,1,130.76,c de Leede b Pringle
38,Sri Lanka,Angelo Mathews,30,15,1,2,200,not out
38,Sri Lanka,Wanindu Hasaranga,20,6,1,2,333.33,not out
38,Sri Lanka,Kamindu Mendis,17,20,1,1,85,c van Beek b van Meekeren
38,Sri Lanka,Pathum Nissanka,0,2,0,0,0,c Engelbrecht b Kingma
38,Sri Lanka,Dasun Shanaka,0,1,0,0,0,c †Edwards b van Beek
39,New Zealand,Devon Conway,35,32,2,3,109.37,lbw b Kamea
39,New Zealand,Daryl Mitchell,19,12,3,0,158.33,not out
39,New Zealand,Kane Williamson,18,17,2,0,105.88,not out
39,New Zealand,Rachin Ravindra,6,11,0,0,54.54,c Kamea b Morea
39,New Zealand,Finn Allen,0,2,0,0,0,c †Doriga b Morea
39,P.N.G.,Charles Amini,17,25,2,0,68,lbw b Ferguson
39,P.N.G.,Norman Vanua,14,13,1,1,107.69,c Mitchell b Boult
39,P.N.G.,Sese Bau,12,27,1,0,44.44,c Allen b Santner
39,P.N.G.,Hiri Hiri,7,11,1,0,63.63,b Boult
39,P.N.G.,Assad Vala,6,16,1,0,37.5,c Mitchell b Ferguson
39,P.N.G.,Kiplin Doriga,5,7,1,0,71.42,b Southee
39,P.N.G.,Alei Nao,3,7,0,0,42.85,c Mitchell b Sodhi
39,P.N.G.,Tony Ura,1,2,0,0,50,c Phillips b Southee
39,P.N.G.,Chad Soper,1,6,0,0,16.66,b Ferguson
39,P.N.G.,Semo Kamea,1,1,0,0,100,not out
39,P.N.G.,Kabua Morea,0,3,0,0,0,st †Conway b Sodhi
40,Afghanistan,Ibrahim Zadran,38,28,5,1,135.71,c Charles b McCoy
40,Afghanistan,Azmatullah Omarzai,23,19,1,1,121.05,c Powell b Hosein
40,Afghanistan,Rashid Khan,18,11,2,1,163.63,c Powell b Russell
40,Afghanistan,Karim Janat,14,9,0,1,155.55,run out (King/Hosein)
40,Afghanistan,Gulbadin Naib,7,10,1,0,70,lbw b Motie
40,Afghanistan,Naveen-ul-Haq,4,6,1,0,66.66,c †Pooran b Joseph
40,Afghanistan,Noor Ahmad,2,4,0,0,50,c Rutherford b Motie
40,Afghanistan,Mohammad Nabi,1,4,0,0,25,b McCoy
40,Afghanistan,Rahmanullah Gurbaz,0,3,0,0,0,c Russell b Hosein
40,Afghanistan,Najibullah Zadran,0,2,0,0,0,c Charles b McCoy
40,Afghanistan,Fazalhaq Farooqi,0,2,0,0,0,not out
40,West Indies,Nicholas Pooran,98,53,6,8,184.9,run out (Azmatullah Omarzai)
40,West Indies,Johnson Charles,43,27,8,0,159.25,c Gulbadin Naib b Naveen-ul-Haq
40,West Indies,Rovman Powell,26,15,1,2,173.33,c sub (Nangeyalia Kharote) b Gulbadin Naib
40,West Indies,Shai Hope,25,17,0,2,147.05,c Najibullah Zadran b Gulbadin Naib
40,West Indies,Brandon King,7,6,1,0,116.66,b Azmatullah Omarzai
40,West Indies,Andre Russell,3,3,0,0,100,not out
40,West Indies,Sherfane Rutherford,1,1,0,0,100,not out
41,South Africa,Quinton de Kock,74,40,7,5,185,c Shayan Jahangir b Harmeet Singh
41,South Africa,Aiden Markram,46,32,4,1,143.75,c Ali Khan b Netravalkar
41,South Africa,Heinrich Klaasen,36,22,0,3,163.63,not out
41,South Africa,Tristan Stubbs,20,16,2,0,125,not out
41,South Africa,Reeza Hendricks,11,11,0,1,100,c Anderson b Netravalkar
41,South Africa,David Miller,0,1,0,0,0,c & b Harmeet Singh
41,U.S.A.,Andries Gous,80,47,5,5,170.21,not out
41,U.S.A.,Harmeet Singh,38,22,2,3,172.72,c Stubbs b Rabada
41,U.S.A.,Steven Taylor,24,14,4,1,171.42,c Klaasen b Rabada
41,U.S.A.,Corey Anderson,12,12,0,1,100,b Nortje
41,U.S.A.,Nitish Kumar,8,6,0,1,133.33,c Stubbs b Rabada
41,U.S.A.,Shayan Jahangir,3,9,0,0,33.33,lbw b Shamsi
41,U.S.A.,Jasdeep Singh,2,6,0,0,33.33,not out
41,U.S.A.,Aaron Jones,0,5,0,0,0,c †de Kock b Maharaj
42,England,Phil Salt,87,47,7,5,185.1,not out
42,England,Jonny Bairstow,48,26,5,2,184.61,not out
42,England,Jos Buttler,25,22,2,0,113.63,lbw b Chase
42,England,Moeen Ali,13,10,2,0,130,c Charles b Russell
42,West Indies,Johnson Charles,38,34,4,1,111.76,c Brook b Ali
42,West Indies,Nicholas Pooran,36,32,4,1,112.5,c †Buttler b Archer
42,West Indies,Rovman Powell,36,17,0,5,211.76,c Wood b Livingstone
42,West Indies,Sherfane Rutherford,28,15,1,2,186.66,not out
42,West Indies,Brandon King,23,13,3,1,176.92,retired hurt
42,West Indies,Romario Shepherd,5,7,1,0,71.42,not out
42,West Indies,Andre Russell,1,2,0,0,50,c Salt b Rashid
43,Afghanistan,Azmatullah Omarzai,26,20,2,1,130,c Patel b Jadeja
43,Afghanistan,Najibullah Zadran,19,17,0,2,111.76,c Arshdeep Singh b Bumrah
43,Afghanistan,Gulbadin Naib,17,21,1,1,80.95,c †Pant b Kuldeep Yadav
43,Afghanistan,Mohammad Nabi,14,14,0,1,100,c Jadeja b Kuldeep Yadav
43,Afghanistan,Noor Ahmad,12,18,1,1,66.66,c Sharma b Arshdeep Singh
43,Afghanistan,Rahmanullah Gurbaz,11,8,1,1,137.5,c †Pant b Bumrah
43,Afghanistan,Ibrahim Zadran,8,11,1,0,72.72,c Sharma b Patel
43,Afghanistan,Fazalhaq Farooqi,4,1,1,0,400,not out
43,Afghanistan,Hazratullah Zazai,2,4,0,0,50,c Jadeja b Bumrah
43,Afghanistan,Rashid Khan,2,6,0,0,33.33,c Jadeja b Arshdeep Singh
43,Afghanistan,Naveen-ul-Haq,0,1,0,0,0,c †Pant b Arshdeep Singh
43,India,Suryakumar Yadav,53,28,5,3,189.28,c Mohammad Nabi b Fazalhaq Farooqi
43,India,Hardik Pandya,32,24,3,2,133.33,c Azmatullah Omarzai b Naveen-ul-Haq
43,India,Virat Kohli,24,24,0,1,100,c Mohammad Nabi b Rashid Khan
43,India,Rishabh Pant,20,11,4,0,181.81,lbw b Rashid Khan
43,India,Axar Patel,12,6,2,0,200,run out (†Rahmanullah Gurbaz/Naveen-ul-Haq)
43,India,Shivam Dube,10,7,0,1,142.85,lbw b Rashid Khan
43,India,Rohit Sharma,8,13,1,0,61.53,c Rashid Khan b Fazalhaq Farooqi
43,India,Ravindra Jadeja,7,5,1,0,140,c Gulbadin Naib b Fazalhaq Farooqi
43,India,Arshdeep Singh,2,2,0,0,100,not out
44,Australia,David Warner,53,35,5,3,151.42,not out
44,Australia,Travis Head,31,21,3,2,147.61,b Rishad Hossain
44,Australia,Glenn Maxwell,14,6,1,1,233.33,not out
44,Australia,Mitchell Marsh,1,6,0,0,16.66,lbw b Rishad Hossain
44,Bangladesh,Najmul Hossain Shanto,41,36,5,1,113.88,lbw b Zampa
44,Bangladesh,Towhid Hridoy,40,28,2,2,142.85,c Hazlewood b Cummins
44,Bangladesh,Litton Das,16,25,2,0,64,b Zampa
44,Bangladesh,Taskin Ahmed,13,7,1,0,185.71,not out
44,Bangladesh,Shakib Al Hasan,8,10,0,0,80,c & b Stoinis
44,Bangladesh,Tanzim Hasan Sakib,4,3,0,0,133.33,not out
44,Bangladesh,Rishad Hossain,2,4,0,0,50,c Zampa b Maxwell
44,Bangladesh,Mahmudullah,2,3,0,0,66.66,b Cummins
44,Bangladesh,Tanzid Hasan,0,3,0,0,0,b Starc
44,Bangladesh,Mahedi Hasan,0,1,0,0,0,c Zampa b Cummins
45,England,Harry Brook,53,37,7,0,143.24,c Markram b Nortje
45,England,Liam Livingstone,33,17,3,2,194.11,c Stubbs b Rabada
45,England,Jos Buttler,17,20,1,0,85,c Klaasen b Maharaj
45,England,Jonny Bairstow,16,20,1,0,80,c Nortje b Maharaj
45,England,Phil Salt,11,8,1,1,137.5,c Hendricks b Rabada
45,England,Sam Curran,10,7,1,0,142.85,not out
45,England,Moeen Ali,9,10,0,0,90,c Maharaj b Baartman
45,England,Jofra Archer,1,2,0,0,50,not out
45,South Africa,Quinton de Kock,65,38,4,4,171.05,c †Buttler b Archer
45,South Africa,David Miller,43,28,4,2,153.57,c Brook b Archer
45,South Africa,Reeza Hendricks,19,25,1,0,76,c Brook b Ali
45,South Africa,Tristan Stubbs,12,11,1,0,109.09,not out
45,South Africa,Heinrich Klaasen,8,13,1,0,61.53,run out (†Buttler)
45,South Africa,Keshav Maharaj,5,2,1,0,250,not out
45,South Africa,Aiden Markram,1,2,0,0,50,b Rashid
45,South Africa,Marco Jansen,0,1,0,0,0,c Curran b Archer
46,U.S.A.,Andries Gous,29,16,3,1,181.25,c Hope b Joseph
46,U.S.A.,Nitish Kumar,20,19,2,0,105.26,lbw b Motie
46,U.S.A.,Milind Kumar,19,21,1,0,90.47,run out (Motie/Russell)
46,U.S.A.,Shadley van Schalkwyk,18,17,3,0,105.88,c Charles b Russell
46,U.S.A.,Ali Khan,14,6,1,1,233.33,not out
46,U.S.A.,Aaron Jones,11,11,0,1,100,b Chase
46,U.S.A.,Corey Anderson,7,15,0,0,46.66,lbw b Chase
46,U.S.A.,Steven Taylor,2,7,0,0,28.57,c Chase b Russell
46,U.S.A.,Nosthush Kenjige,1,3,0,0,33.33,c †Pooran b Joseph
46,U.S.A.,Harmeet Singh,0,1,0,0,0,c Charles b Chase
46,U.S.A.,Saurabh Netravalkar,0,4,0,0,0,c Powell b Russell
46,West Indies,Shai Hope,82,39,4,8,210.25,not out
46,West Indies,Nicholas Pooran,27,12,1,3,225,not out
46,West Indies,Johnson Charles,15,14,2,0,107.14,c Milind Kumar b Harmeet Singh
47,Bangladesh,Najmul Hossain Shanto,40,32,1,3,125,c Arshdeep Singh b Bumrah
47,Bangladesh,Tanzid Hasan,29,31,4,0,93.54,lbw b Kuldeep Yadav
47,Bangladesh,Rishad Hossain,24,10,1,3,240,c Sharma b Bumrah
47,Bangladesh,Litton Das,13,10,1,1,130,c Yadav b Pandya
47,Bangladesh,Mahmudullah,13,15,1,0,86.66,c Patel b Arshdeep Singh
47,Bangladesh,Shakib Al Hasan,11,7,1,1,157.14,c Sharma b Kuldeep Yadav
47,Bangladesh,Mahedi Hasan,5,4,1,0,125,not out
47,Bangladesh,Towhid Hridoy,4,6,0,0,66.66,lbw b Kuldeep Yadav
47,Bangladesh,Jaker Ali,1,4,0,0,25,c Kohli b Arshdeep Singh
47,Bangladesh,Tanzim Hasan Sakib,1,1,0,0,100,not out
47,India,Hardik Pandya,50,27,4,3,185.18,not out
47,India,Virat Kohli,37,28,1,3,132.14,b Tanzim Hasan Sakib
47,India,Rishabh Pant,36,24,4,2,150,c Tanzim Hasan Sakib b Rishad Hossain
47,India,Shivam Dube,34,24,0,3,141.66,b Rishad Hossain
47,India,Rohit Sharma,23,11,3,1,209.09,c Jaker Ali b Shakib Al Hasan
47,India,Suryakumar Yadav,6,2,0,1,300,c †Litton Das b Tanzim Hasan Sakib
47,India,Axar Patel,3,5,0,0,60,not out
48,Afghanistan,Glenn Maxwell,59,41,6,3,143.9,c Noor Ahmad b Gulbadin Naib
48,Afghanistan,Mitchell Marsh,12,9,2,0,133.33,c Mohammad Nabi b Naveen-ul-Haq
48,Afghanistan,Marcus Stoinis,11,17,1,0,64.7,c †Rahmanullah Gurbaz b Gulbadin Naib
48,Afghanistan,Adam Zampa,9,7,1,0,128.57,c Mohammad Nabi b Azmatullah Omarzai
48,Afghanistan,Matthew Wade,5,7,0,0,71.42,c Karim Janat b Rashid Khan
48,Afghanistan,Josh Hazlewood,5,7,0,0,71.42,not out
48,Afghanistan,David Warner,3,8,0,0,37.5,c Noor Ahmad b Mohammad Nabi
48,Afghanistan,Pat Cummins,3,9,0,0,33.33,b Gulbadin Naib
48,Afghanistan,Tim David,2,4,0,0,50,lbw b Gulbadin Naib
48,Afghanistan,Ashton Agar,2,5,0,0,40,c Gulbadin Naib b Naveen-ul-Haq
48,Afghanistan,Travis Head,0,3,0,0,0,b Naveen-ul-Haq
48,break,Rahmanullah Gurbaz,60,49,4,4,122.44,c Warner b Stoinis
48,break,Ibrahim Zadran,51,48,6,0,106.25,c Marsh b Zampa
48,break,Karim Janat,13,9,0,1,144.44,c David b Cummins
48,break,Mohammad Nabi,10,4,2,0,250,not out
48,break,Azmatullah Omarzai,2,3,0,0,66.66,b Zampa
48,break,Rashid Khan,2,5,0,0,40,c David b Cummins
48,break,Nangeyalia Kharote,1,1,0,0,100,not out
48,break,Gulbadin Naib,0,1,0,0,0,c Maxwell b Cummins
49,England,Jos Buttler,83,38,6,7,218.42,not out
49,England,Phil Salt,25,21,2,0,119.04,not out
49,U.S.A.,Nitish Kumar,30,24,1,2,125,b Rashid
49,U.S.A.,Corey Anderson,29,28,0,1,103.57,c Brook b Jordan
49,U.S.A.,Harmeet Singh,21,17,2,1,123.52,c Jordan b Curran
49,U.S.A.,Steven Taylor,12,13,2,0,92.3,c Ali b Curran
49,U.S.A.,Aaron Jones,10,16,2,0,62.5,b Rashid
49,U.S.A.,Andries Gous,8,5,0,1,160,c Salt b Topley
49,U.S.A.,Milind Kumar,4,6,0,0,66.66,c †Buttler b Livingstone
49,U.S.A.,Shadley van Schalkwyk,0,0,0,0,0,not out
49,U.S.A.,Ali Khan,0,2,0,0,0,b Jordan
49,U.S.A.,Nosthush Kenjige,0,1,0,0,0,lbw b Jordan
49,U.S.A.,Saurabh Netravalkar,0,1,0,0,0,b Jordan
50,South Africa,Tristan Stubbs,29,27,4,0,107.4,c Mayers b Chase
50,South Africa,Heinrich Klaasen,22,10,3,1,220,c †Pooran b Joseph
50,South Africa,Marco Jansen,21,14,1,1,150,not out
50,South Africa,Aiden Markram,18,15,2,0,120,c Mayers b Joseph
50,South Africa,Quinton de Kock,12,7,3,0,171.42,c Rutherford b Russell
50,South Africa,Kagiso Rabada,5,3,1,0,166.66,not out
50,South Africa,David Miller,4,14,0,0,28.57,b Chase
50,South Africa,Keshav Maharaj,2,6,0,0,33.33,c Joseph b Chase
50,South Africa,Reeza Hendricks,0,1,0,0,0,c †Pooran b Russell
50,West Indies,Roston Chase,52,42,3,2,123.8,c Rabada b Shamsi
50,West Indies,Kyle Mayers,35,34,3,2,102.94,c Stubbs b Shamsi
50,West Indies,Andre Russell,15,9,0,2,166.66,run out (Nortje)
50,West Indies,Alzarri Joseph,11,7,0,1,157.14,not out
50,West Indies,Akeal Hosein,6,11,1,0,54.54,c & b Rabada
50,West Indies,Gudakesh Motie,4,7,1,0,57.14,not out
50,West Indies,Nicholas Pooran,1,3,0,0,33.33,c Jansen b Markram
50,West Indies,Rovman Powell,1,2,0,0,50,st †de Kock b Maharaj
50,West Indies,Shai Hope,0,1,0,0,0,c Stubbs b Jansen
50,West Indies,Sherfane Rutherford,0,4,0,0,0,c Markram b Shamsi
51,Australia,Travis Head,76,43,9,4,176.74,c Sharma b Bumrah
51,Australia,Mitchell Marsh,37,28,3,2,132.14,c Patel b Kuldeep Yadav
51,Australia,Glenn Maxwell,20,12,2,1,166.66,b Kuldeep Yadav
51,Australia,Tim David,15,11,1,1,136.36,c Bumrah b Arshdeep Singh
51,Australia,Pat Cummins,11,7,0,1,157.14,not out
51,Australia,David Warner,6,6,1,0,100,c Yadav b Arshdeep Singh
51,Australia,Mitchell Starc,4,7,0,0,57.14,not out
51,Australia,Marcus Stoinis,2,4,0,0,50,c Pandya b Patel
51,Australia,Matthew Wade,1,2,0,0,50,c Kuldeep Yadav b Arshdeep Singh
51,India,Rohit Sharma,92,41,7,8,224.39,b Starc
51,India,Suryakumar Yadav,31,16,3,2,193.75,c †Wade b Starc
51,India,Shivam Dube,28,22,2,1,127.27,c Warner b Stoinis
51,India,Hardik Pandya,27,17,1,2,158.82,not out
51,India,Rishabh Pant,15,14,1,1,107.14,c Hazlewood b Stoinis
51,India,Ravindra Jadeja,9,5,0,1,180,not out
51,India,Virat Kohli,0,5,0,0,0,c David b Hazlewood
52,Afghanistan,Rahmanullah Gurbaz,43,55,3,1,78.18,c Soumya Sarkar b Rishad Hossain
52,Afghanistan,Rashid Khan,19,10,0,3,190,not out
52,Afghanistan,Ibrahim Zadran,18,29,1,0,62.06,c Tanzim Hasan Sakib b Rishad Hossain
52,Afghanistan,Azmatullah Omarzai,10,12,0,0,83.33,c †Litton Das b Mustafizur Rahman
52,Afghanistan,Karim Janat,7,6,1,0,116.66,not out
52,Afghanistan,Gulbadin Naib,4,3,1,0,133.33,c Soumya Sarkar b Rishad Hossain
52,Afghanistan,Mohammad Nabi,1,5,0,0,20,c Najmul Hossain Shanto b Taskin Ahmed
52,Bangladesh,Litton Das,54,49,5,1,110.2,not out
52,Bangladesh,Towhid Hridoy,14,9,2,0,155.55,c Ibrahim Zadran b Rashid Khan
52,Bangladesh,Soumya Sarkar,10,10,1,0,100,b Rashid Khan
52,Bangladesh,Mahmudullah,6,9,1,0,66.66,c sub (†Mohammad Ishaq) b Rashid Khan
52,Bangladesh,Najmul Hossain Shanto,5,5,1,0,100,c Mohammad Nabi b Naveen-ul-Haq
52,Bangladesh,Tanzim Hasan Sakib,3,10,0,0,30,c Mohammad Nabi b Gulbadin Naib
52,Bangladesh,Taskin Ahmed,2,9,0,0,22.22,b Naveen-ul-Haq
52,Bangladesh,Tanzid Hasan,0,3,0,0,0,lbw b Fazalhaq Farooqi
52,Bangladesh,Shakib Al Hasan,0,1,0,0,0,c & b Naveen-ul-Haq
52,Bangladesh,Rishad Hossain,0,1,0,0,0,b Rashid Khan
52,Bangladesh,Mustafizur Rahman,0,1,0,0,0,lbw b Naveen-ul-Haq
53,Afghanistan,Azmatullah Omarzai,10,12,2,0,83.33,c Stubbs b Nortje
53,Afghanistan,Gulbadin Naib,9,8,2,0,112.5,b Jansen
53,Afghanistan,Karim Janat,8,13,1,0,61.53,lbw b Shamsi
53,Afghanistan,Rashid Khan,8,8,2,0,100,b Nortje
53,Afghanistan,Ibrahim Zadran,2,5,0,0,40,b Rabada
53,Afghanistan,Nangeyalia Kharote,2,7,0,0,28.57,c †de Kock b Jansen
53,Afghanistan,Naveen-ul-Haq,2,8,0,0,25,lbw b Shamsi
53,Afghanistan,Fazalhaq Farooqi,2,2,0,0,100,not out
53,Afghanistan,Rahmanullah Gurbaz,0,3,0,0,0,c Hendricks b Jansen
53,Afghanistan,Mohammad Nabi,0,3,0,0,0,b Rabada
53,Afghanistan,Noor Ahmad,0,2,0,0,0,lbw b Shamsi
53,England,Harry Brook,25,19,3,0,131.57,b Kuldeep Yadav
53,England,Jos Buttler,23,15,4,0,153.33,c †Pant b Patel
53,England,Jofra Archer,21,15,1,2,140,lbw b Bumrah
53,England,Liam Livingstone,11,16,0,0,68.75,run out (Kuldeep Yadav/Patel)
53,England,Moeen Ali,8,10,0,0,80,st †Pant b Patel
53,England,Phil Salt,5,8,0,0,62.5,b Bumrah
53,England,Reece Topley,3,3,0,0,100,not out
53,England,Sam Curran,2,4,0,0,50,lbw b Kuldeep Yadav
53,England,Adil Rashid,2,2,0,0,100,run out (Yadav)
53,England,Chris Jordan,1,5,0,0,20,lbw b Kuldeep Yadav
53,England,Jonny Bairstow,0,3,0,0,0,b Patel
53,India,Rohit Sharma,57,39,6,2,146.15,b Rashid
53,India,Suryakumar Yadav,47,36,4,2,130.55,c Jordan b Archer
53,India,Hardik Pandya,23,13,1,2,176.92,c Curran b Jordan
53,India,Ravindra Jadeja,17,9,2,0,188.88,not out
53,India,Axar Patel,10,6,0,1,166.66,c Salt b Jordan
53,India,Virat Kohli,9,9,0,1,100,b Topley
53,India,Rishabh Pant,4,6,0,0,66.66,c Bairstow b Curran
53,India,Arshdeep Singh,1,1,0,0,100,not out
53,India,Shivam Dube,0,1,0,0,0,c †Buttler b Jordan
53,South Africa,Reeza Hendricks,29,25,3,1,116,not out
53,South Africa,Aiden Markram,23,21,4,0,109.52,not out
53,South Africa,Quinton de Kock,5,8,1,0,62.5,b Fazalhaq Farooqi
55,India,Virat Kohli,76,59,6,2,128.81,c Rabada b Jansen
55,India,Axar Patel,47,31,1,4,151.61,run out (†de Kock)
55,India,Shivam Dube,27,16,3,1,168.75,c Miller b Nortje
55,India,Rohit Sharma,9,5,2,0,180,c Klaasen b Maharaj
55,India,Hardik Pandya,5,2,1,0,250,not out
55,India,Suryakumar Yadav,3,4,0,0,75,c Klaasen b Rabada
55,India,Ravindra Jadeja,2,2,0,0,100,c Maharaj b Nortje
55,India,Rishabh Pant,0,2,0,0,0,c †de Kock b Maharaj
55,South Africa,Heinrich Klaasen,52,27,2,5,192.59,c †Pant b Pandya
55,South Africa,Quinton de Kock,39,31,4,1,125.8,c Kuldeep Yadav b Arshdeep Singh
55,South Africa,Tristan Stubbs,31,21,3,1,147.61,b Patel
55,South Africa,David Miller,21,17,1,1,123.52,c Yadav b Pandya
55,South Africa,Reeza Hendricks,4,5,1,0,80,b Bumrah
55,South Africa,Aiden Markram,4,5,1,0,80,c †Pant b Arshdeep Singh
55,South Africa,Kagiso Rabada,4,3,1,0,133.33,c Yadav b Pandya
55,South Africa,Marco Jansen,2,4,0,0,50,b Bumrah
55,South Africa,Keshav Maharaj,2,7,0,0,28.57,not out
55,South Africa,Anrich Nortje,1,1,0,0,100,not out
